Vote,index_col
Browns,8575
Oranges,226
Greys,1430
Browns,257
Reds,9580
Yellows,2612
Browns,9044
Browns,4197
Reds,6052
Purples,9744
Purples,5373
Oranges,2653
Reds,5287
Purples,1220
Oranges,1403
Greens,1357
Oranges,9827
Blues,838
Purples,8531
Greens,1130
Blues,6093
Whites,7063
Blues,7983
Oranges,6592
Greens,9089
Blues,4607
Purples,2193
Blues,5551
Greens,752
Greys,4493
Purples,7614
Greens,5064
Purples,5085
Greens,3015
Oranges,4590
Purples,6282
Reds,3371
Browns,122
Purples,417
Purples,9353
Yellows,8630
Oranges,4196
Yellows,7708
Purples,6877
Browns,6283
Browns,5888
Browns,9332
Purples,8721
Browns,9961
Purples,2131
Pinks,7431
Purples,1601
Browns,5934
Yellows,8674
Whites,729
Purples,4237
Purples,3283
Purples,3561
Purples,5722
Pinks,7805
Browns,2617
Blues,6491
Turquoises,5429
Purples,7449
Purples,5773
Turquoises,6050
Pinks,5985
Browns,1019
Purples,4089
Yellows,3053
Blues,2390
Purples,7287
Oranges,9276
Pinks,8391
Purples,2183
Browns,3046
Blues,1344
Greens,8074
Greens,3629
Purples,9130
Reds,9424
Greys,6898
Browns,7310
Blues,4529
Turquoises,440
Purples,4722
Purples,6770
Greens,1901
Browns,3566
Purples,813
Blues,6993
Browns,8887
Blues,6548
Yellows,7410
Reds,9447
Yellows,9386
Purples,9680
Greens,4628
Greens,6263
Purples,745
Oranges,1490
Yellows,7984
Blues,9841
Purples,1795
Whites,9808
Turquoises,5024
Oranges,7117
Pinks,6849
Oranges,1529
Pinks,6571
Purples,3378
Purples,1021
Purples,3766
Oranges,7044
Browns,8671
Browns,5403
Reds,8246
Blues,29
Yellows,1858
Browns,2252
Reds,3234
Greens,4474
Blues,7540
Purples,534
Oranges,8075
Yellows,9566
Purples,9082
Yellows,7744
Yellows,4615
Yellows,7277
Greys,5511
Blues,478
Greens,4822
Oranges,9318
Browns,8316
Purples,2163
Purples,4839
Pinks,6128
Browns,6655
Purples,8660
Purples,3495
Purples,2173
Yellows,7207
Pinks,9344
Purples,1611
Browns,83
Pinks,5027
Reds,6620
Blues,694
Yellows,4229
Oranges,5155
Greens,6656
Blues,8975
Purples,9142
Reds,9678
Browns,8680
Purples,6545
Browns,8250
Purples,8064
Purples,5535
Browns,3106
Purples,9271
Purples,3983
Greens,7987
Pinks,6218
Reds,6041
Greens,7346
Pinks,708
Browns,4814
Greens,5557
Oranges,1195
Whites,2647
Purples,4166
Blues,5274
Pinks,4171
Blues,836
Browns,3325
Turquoises,388
Browns,858
Whites,7303
Greens,8381
Browns,9266
Purples,7376
Pinks,4654
Browns,5432
Greens,8581
Purples,9043
Browns,1531
Purples,5331
Oranges,7239
Browns,4818
Blues,4852
Turquoises,3491
Browns,4141
Browns,3327
Purples,5790
Turquoises,1882
Purples,8926
Blues,5542
Greens,80
Browns,4532
Greys,9109
Purples,4341
Purples,2000
Purples,7593
Pinks,7998
Purples,2942
Purples,3895
Blues,2932
Turquoises,1931
Purples,1852
Reds,8235
Purples,3434
Pinks,4034
Greens,8
Browns,3759
Reds,6024
Browns,5504
Purples,8956
Greens,3480
Purples,6759
Purples,1432
Purples,5770
Purples,6864
Pinks,1562
Blues,6595
Purples,5817
Browns,5435
Blues,8811
Purples,9550
Greys,5184
Purples,7639
Whites,6444
Oranges,8693
Blues,1665
Greens,3033
Pinks,9021
Browns,7329
Browns,6899
Browns,2120
Yellows,8715
Pinks,2663
Browns,4356
Blues,1088
Greens,4159
Pinks,9341
Browns,6622
Whites,9884
Pinks,2448
Whites,4907
Browns,6265
Browns,927
Reds,9432
Browns,8867
Purples,1334
Purples,207
Purples,3757
Greys,6783
Greens,8041
Turquoises,7691
Purples,4040
Purples,2824
Yellows,714
Oranges,6952
Yellows,4797
Blues,2098
Purples,2171
Pinks,451
Pinks,1877
Greens,9631
Purples,171
Browns,7198
Purples,7464
Purples,2708
Whites,4087
Greens,5496
Greys,5345
Purples,1536
Purples,9131
Browns,2340
Browns,4142
Blues,3901
Greens,3163
Reds,2222
Purples,4955
Blues,6725
Purples,7262
Yellows,980
Pinks,4183
Greens,9757
Pinks,2908
Browns,3538
Pinks,7100
Browns,3127
Browns,1994
Greys,1050
Turquoises,4873
Browns,9555
Browns,9439
Pinks,1810
Oranges,7867
Purples,5166
Pinks,2089
Greens,7641
Greys,4847
Greens,8086
Whites,1184
Purples,1124
Greys,7008
Greens,7861
Greys,9905
Greens,7052
Pinks,8140
Browns,181
Yellows,1291
Greens,9660
Pinks,8821
Blues,9030
Blues,95
Purples,1336
Yellows,4140
Browns,375
Purples,3295
Greys,3669
Purples,3614
Browns,5901
Whites,6001
Purples,9117
Blues,2255
Whites,7960
Greens,8944
Browns,1496
Greens,9544
Greys,9049
Blues,1448
Purples,3534
Browns,2639
Reds,2048
Yellows,6776
Whites,3473
Purples,8605
Blues,522
Oranges,5477
Purples,3040
Purples,2742
Purples,2732
Purples,3502
Browns,4494
Pinks,8537
Purples,1747
Purples,301
Browns,2501
Pinks,8035
Browns,5434
Oranges,1768
Browns,8284
Browns,4668
Reds,824
Purples,2307
Purples,2418
Blues,9059
Purples,5168
Pinks,5422
Pinks,2940
Greens,8047
Purples,5764
Oranges,8365
Browns,9273
Browns,5245
Turquoises,7633
Greens,5890
Greys,3026
Purples,8561
Turquoises,7191
Purples,7138
Oranges,4193
Browns,2443
Yellows,2578
Pinks,6704
Turquoises,2896
Whites,5050
Purples,6963
Greens,7327
Blues,6311
Purples,1783
Greys,9182
Greys,2086
Whites,8441
Browns,684
Turquoises,3563
Yellows,2855
Pinks,5457
Purples,800
Turquoises,8323
Pinks,3130
Greens,5530
Purples,9326
Greys,3166
Purples,8762
Yellows,9851
Pinks,9740
Blues,193
Yellows,7372
Browns,9662
Purples,5319
Reds,7312
Oranges,2968
Browns,4107
Greens,2935
Yellows,2654
Blues,9115
Browns,7281
Greens,2618
Blues,1658
Greys,5737
Browns,1337
Purples,4288
Purples,7647
Browns,565
Turquoises,4192
Purples,8345
Blues,7608
Purples,6223
Yellows,31
Purples,8920
Reds,7663
Blues,5130
Greys,8534
Purples,8659
Whites,2322
Greys,7506
Greens,8548
Purples,3638
Pinks,2441
Purples,9699
Greys,2138
Browns,3661
Greens,132
Greys,7977
Purples,8466
Purples,2803
Purples,5499
Blues,5417
Pinks,1427
Browns,2825
Purples,2208
Purples,6934
Purples,2869
Greys,3598
Blues,1664
Browns,1929
Browns,9459
Pinks,3481
Yellows,5456
Oranges,501
Purples,1786
Purples,8467
Greens,6749
Greens,2004
Greens,5038
Purples,8748
Greens,5752
Yellows,3351
Purples,7241
Greys,7898
Browns,5087
Reds,3786
Purples,2770
Oranges,527
Reds,5514
Browns,1187
Purples,4114
Browns,7473
Greens,8155
Blues,9177
Purples,7091
Reds,5241
Purples,9284
Oranges,3743
Purples,9611
Browns,2281
Browns,669
Purples,69
Yellows,4303
Purples,8783
Purples,1717
Purples,5251
Pinks,8469
Purples,51
Blues,3
Pinks,9072
Turquoises,105
Purples,2451
Browns,2480
Greys,8700
Greens,5546
Yellows,4203
Turquoises,4200
Pinks,42
Whites,6202
Purples,5472
Greys,1426
Greens,4293
Yellows,7791
Whites,6231
Yellows,8410
Purples,18
Browns,316
Purples,4254
Oranges,612
Purples,8313
Oranges,9732
Blues,5594
Turquoises,5904
Pinks,918
Purples,8458
Greens,5984
Greys,3967
Greens,9247
Blues,8804
Purples,9153
Yellows,7897
Browns,6844
Whites,7092
Purples,2943
Greys,2682
Purples,2839
Purples,4399
Purples,897
Blues,4904
Browns,9466
Whites,1961
Greens,7032
Oranges,7982
Blues,6476
Blues,1191
Greens,6160
Oranges,8714
Purples,2568
Oranges,3207
Purples,1333
Greens,1793
Browns,322
Yellows,6262
Reds,1760
Yellows,2065
Purples,8646
Browns,7839
Purples,8812
Pinks,7648
Browns,3511
Purples,8846
Purples,1512
Turquoises,9328
Purples,1777
Browns,1373
Oranges,1156
Browns,7931
Blues,8947
Blues,3354
Purples,7551
Greys,4209
Purples,125
Pinks,6557
Greys,7443
Whites,355
Browns,5338
Browns,6790
Purples,1327
Greens,2677
Greens,9829
Greens,4622
Greens,3771
Reds,5161
Yellows,7328
Greys,5273
Greens,9230
Purples,5612
Greens,2201
Oranges,542
Greys,5461
Purples,3823
Turquoises,8011
Purples,4005
Blues,7800
Browns,1535
Greys,8553
Purples,6524
Browns,7637
Purples,2159
Browns,6004
Pinks,4695
Whites,9390
Pinks,6446
Purples,9202
Blues,6271
Purples,9068
Browns,6668
Turquoises,3218
Turquoises,8027
Turquoises,5187
Browns,8129
Purples,8432
Browns,2429
Browns,5679
Greens,2913
Blues,5942
Purples,8385
Oranges,3533
Purples,7656
Browns,1180
Browns,2625
Greens,8883
Purples,8108
Purples,2395
Purples,6319
Greys,1491
Reds,6455
Browns,1474
Purples,3993
Yellows,2013
Browns,8172
Purples,4135
Purples,2458
Blues,6744
Blues,5727
Pinks,9363
Purples,6880
Oranges,1121
Pinks,6342
Oranges,5728
Turquoises,2753
Purples,731
Purples,2550
Turquoises,4710
Browns,2535
Purples,8255
Purples,6198
Pinks,5782
Greens,7066
Pinks,5079
Browns,9830
Blues,6348
Purples,7689
Purples,5466
Pinks,6916
Purples,5137
Reds,7788
Purples,4444
Reds,6698
Purples,2690
Whites,9953
Greens,6660
Blues,3966
Purples,3157
Whites,807
Greys,5288
Browns,9088
Browns,848
Purples,7881
Pinks,9011
Yellows,826
Purples,267
Greens,8341
Greens,8287
Browns,4728
Pinks,8971
Turquoises,7455
Purples,4268
Pinks,7168
Reds,5844
Browns,1695
Purples,9622
Pinks,4996
Turquoises,5128
Browns,6461
Browns,9323
Purples,8461
Purples,8612
Oranges,3433
Purples,7632
Turquoises,3866
Greys,7255
Purples,9927
Greys,2724
Pinks,9470
Oranges,8937
Purples,9689
Greens,4618
Greens,9336
Pinks,6970
Browns,1242
Blues,6809
Reds,4241
Blues,4451
Browns,3176
Purples,9894
Purples,3134
Greys,1837
Yellows,9244
Blues,7586
Whites,1289
Purples,1596
Turquoises,3683
Greys,9673
Greens,3231
Purples,3515
Pinks,7751
Yellows,9766
Browns,8850
Whites,6204
Purples,9334
Browns,9535
Purples,4841
Browns,5591
Purples,5637
Browns,6164
Oranges,8379
Oranges,7282
Pinks,1478
Browns,3556
Browns,3686
Purples,3393
Blues,9154
Pinks,3385
Purples,1548
Greens,3361
Browns,3545
Pinks,9524
Pinks,225
Greens,6731
Greys,5117
Browns,3360
Blues,6512
Purples,8168
Reds,61
Purples,1323
Purples,7480
Purples,89
Purples,4916
Purples,6896
Reds,4191
Blues,8312
Blues,6736
Purples,7439
Browns,8417
Blues,6661
Purples,9
Yellows,7403
Pinks,9306
Purples,9693
Reds,1420
Purples,7355
Blues,5116
Purples,6871
Greens,7224
Greys,3777
Turquoises,9416
Purples,3723
Purples,1140
Greens,3658
Browns,620
Blues,325
Greens,2466
Greys,9077
Greens,9031
Browns,2224
Greys,185
Greens,6847
Purples,1120
Purples,9411
Pinks,9104
Purples,9881
Purples,8171
Pinks,7436
Purples,3439
Whites,943
Purples,3956
Blues,1455
Yellows,3922
Pinks,8095
Browns,1876
Blues,3225
Oranges,8282
Purples,4343
Blues,1816
Purples,3499
Browns,2452
Browns,1429
Greens,8701
Greys,4011
Blues,2315
Browns,6341
Purples,9340
Purples,9748
Purples,7877
Browns,7205
Purples,8418
Greens,7220
Purples,9028
Pinks,8898
Greens,1441
Whites,5487
Blues,9918
Browns,5608
Pinks,9403
Greens,9823
Oranges,1278
Purples,889
Greens,6672
Yellows,8049
Browns,2534
Blues,9165
Purples,96
Browns,5593
Greys,5336
Greys,5999
Greys,248
Browns,2018
Browns,3797
Browns,5617
Purples,7640
Blues,9581
Greys,9835
Blues,9127
Greys,4584
Blues,8257
Greens,4919
Yellows,3650
Purples,8139
Blues,6773
Pinks,6083
Greys,3976
Greens,8709
Purples,923
Pinks,7002
Pinks,6670
Blues,5225
Oranges,5583
Purples,4548
Greens,5329
Pinks,8400
Whites,8276
Turquoises,8551
Browns,4292
Yellows,4965
Greens,8822
Browns,8711
Purples,9376
Purples,6301
Greys,4327
Pinks,8906
Yellows,953
Browns,9370
Greys,4634
Blues,3113
Greens,2801
Browns,7386
Whites,3587
Yellows,7335
Greys,9628
Yellows,6192
Purples,4253
Turquoises,3092
Purples,559
Browns,1241
Pinks,847
Browns,9848
Purples,9048
Whites,3304
Turquoises,6582
Pinks,7065
Blues,7683
Purples,2251
Browns,3148
Yellows,8729
Purples,3742
Browns,1741
Purples,5720
Pinks,8724
Blues,5568
Greys,3806
Pinks,7177
Oranges,9512
Purples,2662
Browns,1550
Blues,8066
Greys,4154
Yellows,5827
Purples,7939
Purples,1492
Blues,4890
Yellows,7040
Turquoises,3522
Yellows,1579
Browns,351
Browns,1955
Greys,9357
Greens,6861
Browns,4216
Purples,656
Browns,6145
Purples,6569
Purples,1081
Whites,2071
Purples,4180
Browns,8633
Greens,7534
Turquoises,3366
Greens,5556
Whites,8861
Browns,2330
Browns,9504
Yellows,3874
Pinks,6979
Purples,7011
Yellows,3313
Purples,5806
Pinks,4758
Oranges,73
Greens,6872
Purples,8967
Yellows,9799
Oranges,4491
Purples,1513
Purples,1891
Oranges,6375
Greys,9062
Purples,6354
Blues,8872
Browns,2848
Purples,6565
Browns,9102
Blues,846
Blues,199
Browns,8278
Browns,7627
Purples,1667
Yellows,939
Whites,445
Browns,4419
Pinks,5819
Greens,9224
Blues,9208
Blues,4544
Pinks,3691
Blues,5753
Blues,6298
Browns,431
Greens,6313
Purples,5060
Yellows,4836
Oranges,2424
Greens,5507
Pinks,9080
Greys,4039
Greens,5142
Turquoises,7190
Greens,6730
Pinks,9935
Blues,5694
Reds,9171
Whites,8352
Browns,5675
Pinks,6648
Reds,9558
Greys,2900
Reds,4612
Pinks,7741
Reds,7101
Browns,2187
Turquoises,7981
Yellows,3443
Yellows,1722
Greens,2386
Blues,8735
Turquoises,8594
Greys,5510
Greens,7069
Purples,4846
Purples,6409
Purples,3994
Browns,5140
Browns,8523
Greens,495
Blues,91
Browns,7837
Oranges,3414
Whites,7078
Pinks,6044
Pinks,1277
Blues,6623
Greens,9532
Blues,8640
Yellows,1070
Turquoises,4869
Browns,444
Blues,1826
Pinks,6502
Greens,4785
Pinks,6197
Pinks,8876
Greens,7859
Greens,989
Blues,2105
Greens,1302
Greys,1726
Purples,3396
Pinks,2421
Purples,9750
Pinks,1247
Greys,3632
Oranges,5134
Browns,6915
Browns,5490
Blues,6314
Purples,7226
Oranges,3253
Greys,1497
Pinks,5404
Whites,628
Browns,6448
Browns,382
Turquoises,5040
Greens,6794
Purples,7238
Yellows,2870
Purples,6183
Purples,5494
Turquoises,279
Browns,9605
Pinks,234
Reds,5252
Purples,3099
Turquoises,8211
Oranges,4281
Yellows,6721
Greys,3041
Greens,6796
Purples,8758
Greys,8029
Greens,6558
Oranges,1469
Browns,4149
Greys,576
Greys,1381
Whites,757
Pinks,5625
Purples,4289
Greys,1051
Purples,9331
Browns,9373
Greens,9368
Pinks,2871
Pinks,7095
Browns,2419
Purples,5412
Purples,7503
Turquoises,1778
Oranges,3702
Greens,3450
Pinks,1458
Pinks,3654
Purples,3850
Yellows,6404
Turquoises,4665
Purples,6081
Yellows,6473
Pinks,657
Browns,8445
Whites,2459
Purples,2915
Turquoises,2215
Purples,630
Purples,4069
Greens,8526
Yellows,6935
Browns,3917
Pinks,48
Purples,9647
Purples,2132
Purples,7927
Whites,4214
Pinks,2665
Purples,5740
Blues,6054
Browns,4596
Pinks,3248
Blues,1924
Browns,8869
Purples,685
Greens,3935
Greens,828
Blues,7862
Browns,3413
Yellows,7739
Greens,4464
Purples,2100
Blues,8902
Pinks,5525
Purples,5808
Turquoises,9480
Blues,2400
Purples,5124
Oranges,144
Blues,5543
Purples,7491
Purples,1801
Whites,5998
Reds,7031
Browns,4709
Purples,6778
Oranges,5054
Blues,3713
Greens,1084
Purples,1303
Browns,4420
Greens,6831
Oranges,8641
Purples,1654
Purples,7103
Turquoises,1102
Yellows,9707
Purples,5900
Yellows,7479
Browns,5970
Purples,2678
Browns,4972
Purples,8330
Pinks,1143
Purples,7890
Greens,4097
Pinks,2357
Reds,7284
Greens,4499
Greens,6539
Purples,9936
Purples,5539
Purples,579
Blues,9207
Oranges,3417
Purples,7597
Browns,8542
Turquoises,1330
Purples,9342
Pinks,2056
Browns,3529
Purples,9012
Reds,3916
Pinks,4922
Blues,2028
Pinks,10
Greys,3164
Browns,9917
Oranges,3401
Blues,3132
Turquoises,7030
Browns,819
Pinks,7621
Pinks,5382
Browns,1324
Reds,1069
Yellows,9797
Turquoises,540
Browns,6393
Browns,8713
Browns,2011
Browns,8244
Purples,3263
Oranges,9404
Whites,3790
Whites,3900
Reds,4068
Browns,9508
Oranges,623
Reds,9868
Whites,4912
Reds,6636
Purples,2397
Oranges,9840
Pinks,9677
Purples,1183
Reds,6148
Greys,5876
Purples,9445
Purples,637
Greens,7598
Blues,4275
Browns,6331
Reds,172
Blues,9029
Oranges,2372
Reds,3729
Purples,8327
Purples,8933
Purples,6815
Yellows,6951
Oranges,1034
Greens,3324
Turquoises,8293
Turquoises,6074
Greens,7098
Oranges,326
Browns,4838
Blues,8460
Pinks,4459
Blues,9220
Blues,6685
Purples,4664
Purples,7289
Browns,3392
Greys,7523
Browns,610
Purples,9489
Greens,2891
Purples,1677
Purples,3856
Yellows,235
Blues,1546
Greens,5857
Pinks,8610
Browns,7216
Browns,7768
Purples,6994
Pinks,2520
Pinks,5223
Turquoises,6619
Blues,7715
Browns,1132
Purples,4119
Yellows,603
Greens,7377
Purples,9547
Browns,6105
Yellows,75
Purples,9780
Browns,2365
Reds,7793
Yellows,7021
Yellows,9170
Purples,4375
Purples,1879
Greys,6378
Blues,103
Greens,7536
Reds,9939
Yellows,9869
Purples,4519
Browns,474
Greens,8585
Blues,175
Browns,9448
Turquoises,697
Yellows,9575
Blues,3161
Turquoises,5019
Pinks,6757
Browns,732
Whites,3367
Blues,8962
Greys,6125
Purples,3795
Browns,4539
Purples,2054
Blues,7361
Browns,2139
Oranges,1473
Greens,5522
Whites,4749
Pinks,3939
Blues,4336
Pinks,15
Blues,3808
Greens,8637
Reds,4662
Pinks,5037
Pinks,6490
Purples,6987
Yellows,4830
Turquoises,4854
Browns,157
Whites,833
Pinks,8245
Browns,7630
Pinks,1920
Pinks,5011
Purples,1461
Greens,8928
Greys,9081
Purples,5936
Purples,541
Purples,2107
Greens,4133
Browns,8324
Blues,9421
Browns,5159
Blues,3332
Purples,4925
Purples,768
Browns,2272
Whites,5
Purples,9121
Browns,6023
Purples,8842
Purples,9940
Oranges,8980
Blues,6487
Reds,1769
Greys,6028
Greens,7051
Pinks,2112
Blues,1440
Yellows,7022
Purples,4641
Greys,8424
Greens,4218
Greens,5185
Browns,5811
Greens,1158
Purples,8265
Browns,221
Greens,133
Turquoises,1092
Purples,7390
Purples,3185
Purples,7871
Purples,9941
Greens,6904
Browns,7313
Purples,5882
Yellows,5992
Greens,9308
Pinks,6149
Purples,5677
Oranges,5914
Yellows,419
Browns,8001
Browns,9001
Browns,5838
Blues,5222
Greens,8642
Browns,1556
Oranges,374
Turquoises,7020
Pinks,5899
Purples,2628
Pinks,2221
Greys,9985
Yellows,5181
Greys,3061
Browns,5848
Whites,6143
Reds,3853
Purples,361
Blues,7185
Browns,6734
Blues,2434
Blues,8833
Pinks,3088
Purples,3868
Browns,3330
Browns,8199
Greens,3549
Greens,7180
Oranges,3323
Oranges,4051
Browns,9281
Purples,9239
Browns,9234
Whites,945
Greens,969
Purples,297
Yellows,3131
Browns,8202
Oranges,2788
Purples,3988
Purples,3902
Pinks,2687
Blues,250
Blues,674
Browns,7075
Purples,1115
Blues,4486
Pinks,5657
Purples,9734
Browns,85
Pinks,5981
Reds,3375
Oranges,6261
Pinks,7582
Yellows,6124
Blues,6246
Greens,4962
Purples,6222
Pinks,4306
Blues,8506
Purples,5080
Browns,717
Blues,8851
Yellows,5391
Purples,1083
Greens,8752
Browns,2240
Browns,8708
Purples,3607
Reds,903
Yellows,7409
Blues,9148
Browns,9393
Greens,5410
Turquoises,5480
Purples,7515
Greys,8569
Purples,4333
Turquoises,6682
Purples,8507
Browns,2037
Blues,1668
Browns,4630
Purples,5351
Whites,6366
Browns,6845
Browns,8152
Whites,3837
Browns,3334
Greens,5096
Purples,1212
Blues,1968
Whites,2588
Purples,3965
Purples,1353
Pinks,4571
Greens,5357
Reds,8194
Greens,2145
Browns,7343
Greys,9604
Purples,682
Browns,3583
Browns,9050
Turquoises,7965
Purples,4427
Purples,9813
Greens,2266
Turquoises,168
Greens,4561
Purples,5253
Purples,9596
Purples,3606
Purples,6029
Oranges,4676
Blues,4398
Purples,2934
Greens,699
Yellows,179
Greens,8196
Greens,9355
Yellows,4879
Reds,698
Browns,2279
Purples,8473
Yellows,4501
Greys,6345
Pinks,8943
Blues,5120
Browns,8101
Blues,4264
Purples,5878
Browns,8281
Browns,6754
Greens,1321
Blues,9692
Pinks,9860
Greens,1245
Greens,4733
Purples,1485
Greens,7083
Purples,2470
Reds,7314
Purples,4252
Purples,984
Greys,2387
Browns,3193
Reds,1028
Browns,6908
Yellows,1902
Yellows,3558
Purples,6700
Blues,7559
Browns,5279
Reds,6118
Pinks,135
Blues,1127
Pinks,4176
Purples,5841
Purples,4046
Browns,5839
Purples,3340
Blues,9069
Blues,7806
Browns,4228
Browns,7492
Pinks,2706
Purples,5712
Greens,6882
Whites,5099
Browns,7785
Yellows,9634
Purples,2626
Oranges,6209
Yellows,11
Purples,3505
Browns,8794
Blues,8935
Blues,6193
Purples,9302
Browns,3767
Pinks,5167
Browns,3356
Turquoises,5478
Yellows,3594
Yellows,9236
Browns,9356
Blues,3255
Pinks,5636
Purples,6966
Purples,8690
Browns,1621
Yellows,8415
Purples,6692
Greys,5058
Browns,2609
Greens,3138
Blues,5475
Purples,2759
Reds,6036
Reds,9536
Oranges,2910
Browns,3293
Purples,3863
Greys,5046
Purples,4936
Purples,4858
Purples,1701
Purples,4103
Pinks,4944
Greys,8874
Browns,3991
Blues,8652
Yellows,4984
Blues,2957
Turquoises,1355
Blues,5759
Blues,8364
Blues,3969
Greys,2072
Purples,9778
Purples,8264
Browns,6356
Pinks,5906
Browns,7394
Reds,9471
Oranges,3952
Browns,6330
Greens,6458
Blues,4478
Blues,9825
Oranges,4720
Browns,9915
Browns,40
Browns,788
Turquoises,7518
Browns,6488
Purples,1209
Purples,8738
Browns,6914
Purples,8395
Oranges,5276
Oranges,3634
Browns,7628
Greens,2780
Whites,4045
Greens,9225
Oranges,2391
Browns,7522
Purples,1418
Browns,2319
Purples,2050
Purples,1007
Yellows,4130
Purples,8586
Greens,3013
Browns,6436
Turquoises,3216
Purples,2563
Purples,3769
Purples,8979
Greens,443
Greens,7106
Pinks,6439
Purples,114
Browns,9793
Greens,9133
Purples,2605
Purples,6456
Purples,7753
Pinks,5710
Greens,3373
Browns,6053
Reds,1095
Greys,3339
Purples,758
Purples,1699
Greys,8964
Blues,9159
Turquoises,3006
Yellows,1022
Oranges,7919
Greys,7832
Pinks,20
Greens,4742
Browns,3070
Purples,8806
Pinks,4187
Greens,9269
Browns,7527
Greens,8416
Reds,6520
Greys,4741
Blues,792
Pinks,4832
Reds,3596
Purples,3581
Greens,1895
Greens,4071
Greens,2613
Purples,1017
Purples,2577
Pinks,5912
Turquoises,9418
Blues,5088
Browns,6752
Greys,4981
Greens,6475
Browns,2463
Turquoises,7209
Browns,8470
Browns,5607
Blues,3796
Pinks,8844
Browns,518
Blues,9591
Blues,1692
Browns,4044
Purples,6470
Purples,3585
Greys,9025
Purples,219
Whites,2872
Browns,5173
Browns,675
Purples,5497
Purples,591
Browns,4643
Purples,7602
Turquoises,4953
Pinks,985
Purples,9198
Oranges,6235
Browns,7336
Greys,3862
Browns,3484
Greys,6913
Purples,1218
Greens,4844
Pinks,676
Browns,736
Turquoises,7417
Greys,7218
Turquoises,9412
Turquoises,531
Greens,3718
Purples,3923
Purples,7855
Pinks,8931
Blues,5664
Blues,6842
Blues,744
Pinks,8443
Pinks,4410
Purples,4422
Turquoises,1463
Browns,8063
Browns,5281
Blues,5021
Purples,3028
Greens,7967
Yellows,7407
Pinks,9057
Browns,1545
Pinks,4058
Greys,972
Browns,9995
Purples,7244
Pinks,7869
Purples,1380
Greens,7587
Greys,9574
Browns,1281
Greens,5571
Browns,9465
Purples,7456
Blues,3036
Yellows,8069
Greens,5219
Purples,9047
Pinks,7123
Whites,6537
Turquoises,7706
Pinks,5952
Purples,2529
Purples,4901
Browns,4202
Turquoises,1103
Greys,8180
Browns,9147
Browns,7340
Greens,2762
Purples,7499
Oranges,1843
Oranges,4624
Yellows,7610
Purples,6177
Whites,3642
Whites,9473
Blues,3858
Purples,5683
Purples,1451
Yellows,8838
Blues,2192
Pinks,2001
Purples,1040
Pinks,9176
Blues,4248
Yellows,9092
Blues,9741
Blues,6435
Pinks,8750
Purples,6106
Greens,2009
Purples,6613
Purples,9514
Browns,2153
Purples,320
Pinks,2615
Oranges,6947
Purples,7541
Blues,4319
Purples,4456
Blues,8423
Yellows,7501
Blues,5293
Yellows,9452
Pinks,4670
Purples,5258
Greys,1268
Purples,5825
Yellows,9820
Purples,3265
Oranges,2893
Turquoises,9086
Yellows,8206
Greys,5767
Pinks,6748
Browns,4063
Purples,5598
Browns,8684
Browns,4575
Purples,3752
Blues,1719
Blues,129
Yellows,9039
Blues,2826
Blues,6297
Browns,2291
Greys,7531
Whites,633
Greens,7611
Purples,8824
Browns,5131
Greens,6677
Yellows,5361
Purples,8431
Greys,2396
Browns,396
Oranges,1635
Purples,6923
Greens,5682
Browns,2349
Greys,2543
Browns,7703
Whites,3493
Turquoises,7161
Turquoises,4608
Whites,2842
Purples,9883
Browns,7360
Yellows,9209
Blues,4661
Greens,4638
Yellows,7201
Greys,5852
Oranges,2874
Blues,3810
Reds,5160
Yellows,7306
Browns,9385
Yellows,6353
Purples,7338
Reds,2960
Purples,6984
Purples,2849
Oranges,2829
Greys,8753
Browns,8996
Pinks,1861
Purples,1896
Browns,7352
Reds,1230
Purples,8378
Browns,2046
Browns,8894
Greens,4152
Browns,37
Blues,1407
Purples,3648
Reds,5618
Browns,1524
Purples,7676
Purples,7879
Browns,2684
Reds,4490
Greens,3103
Purples,4719
Greens,4973
Purples,5762
Pinks,4370
Whites,4227
Whites,8468
Browns,2965
Purples,919
Oranges,5801
Oranges,1400
Greens,9358
Browns,3464
Purples,6600
Greys,2712
Pinks,3259
Oranges,5304
Purples,8978
Oranges,6674
Greens,9161
Blues,5638
Browns,2557
Oranges,8252
Whites,6251
Yellows,1208
Pinks,3611
Pinks,2305
Purples,2633
Turquoises,4437
Whites,4484
Greens,4134
Purples,7251
Purples,4482
Browns,4256
Oranges,8308
Yellows,503
Yellows,3109
Greens,4950
Oranges,599
Pinks,9183
Pinks,9872
Purples,1351
Greens,8186
Turquoises,2580
Purples,293
Browns,8314
Purples,2137
Oranges,7189
Greys,1528
Purples,8057
Greys,3427
Greens,3576
Greens,4064
Purples,2683
Greens,6321
Greys,1501
Whites,2235
Greens,509
Purples,9002
Greens,5407
Purples,6326
Purples,1038
Blues,6580
Turquoises,458
Greys,4799
Purples,111
Pinks,2254
Yellows,5989
Browns,9132
Purples,8786
Purples,1836
Greys,4542
Greens,7712
Purples,4469
Greys,1486
Browns,3482
Yellows,7132
Blues,7116
Blues,4471
Purples,9120
Browns,3294
Whites,1853
Browns,4413
Blues,722
Whites,4974
Browns,5580
Blues,3620
Blues,6174
Reds,5108
Browns,3755
Reds,4008
Purples,7802
Blues,4788
Whites,3030
Greens,1959
Turquoises,8121
Purples,1586
Greens,9708
Greys,1840
Purples,2015
Purples,8636
Browns,2671
Pinks,6046
Greens,1162
Oranges,7299
Browns,4426
Reds,538
Whites,182
Pinks,8932
Greens,6894
Blues,615
Browns,794
Purples,9391
Greens,455
Oranges,5348
Greens,6426
Greys,9249
Reds,2679
Greens,3125
Blues,6646
Browns,280
Greys,2798
Greys,5266
Browns,5428
Pinks,4013
Whites,2702
Greys,6322
Greys,348
Yellows,5972
Purples,3843
Browns,6977
Turquoises,3593
Greys,1977
Blues,241
Purples,4913
Browns,6968
Blues,9346
Blues,2406
Greens,2174
Blues,3512
Oranges,2748
Turquoises,5948
Pinks,6336
Blues,1917
Browns,98
Purples,2155
Yellows,6481
Purples,7234
Turquoises,8115
Purples,4496
Pinks,6355
Greys,3210
Blues,8160
Pinks,6751
Purples,5862
Purples,9900
Yellows,6137
Reds,1616
Purples,4054
Purples,6039
Pinks,2505
Browns,4778
Blues,393
Oranges,7585
Blues,5312
Blues,6415
Pinks,3560
Purples,2096
Oranges,2454
Blues,2474
Blues,8552
Greys,362
Purples,8619
Oranges,7230
Blues,8790
Blues,337
Browns,3409
Purples,6482
Browns,4683
Browns,143
Pinks,9299
Greens,8068
Greens,7405
Browns,8217
Greens,8880
Purples,6129
Browns,1711
Greens,3570
Oranges,4809
Greens,1559
Blues,8514
Oranges,3981
Blues,5008
Blues,2948
Purples,1060
Blues,278
Yellows,7197
Pinks,1860
Purples,1871
Purples,7574
Purples,3490
Browns,3992
Greens,1421
Yellows,2919
Greens,8607
Purples,9687
Purples,260
Oranges,9730
Blues,2335
Oranges,5320
Blues,6755
Purples,1745
Yellows,2928
Purples,876
Browns,9676
Purples,3035
Purples,936
Turquoises,118
Greens,810
Pinks,8412
Browns,4997
Browns,6657
Purples,7942
Browns,5447
Greens,9167
Blues,8053
Browns,7550
Turquoises,7812
Reds,1236
Browns,3781
Pinks,1530
Purples,9061
Browns,2218
Purples,8601
Blues,7188
Purples,5066
Greens,2219
Purples,7445
Browns,8483
Yellows,6496
Purples,4001
Purples,9410
Greys,7059
Browns,2020
Purples,5115
Pinks,6741
Pinks,1442
Purples,5531
Reds,1138
Oranges,894
Browns,3997
Pinks,695
Browns,5579
Yellows,786
Pinks,4105
Purples,4294
Browns,1196
Oranges,390
Reds,3031
Pinks,9035
Purples,346
Blues,3737
Greens,8212
Pinks,2769
Blues,6650
Purples,9811
Greens,9635
Purples,6878
Purples,7908
Purples,7914
Greens,7395
Blues,2320
Browns,8154
Pinks,4505
Greens,3342
Blues,4715
Purples,9303
Reds,3386
Browns,2487
Browns,2087
Browns,2878
Yellows,4075
Purples,1894
Whites,8113
Greens,7852
Blues,700
Reds,9856
Pinks,5702
Purples,7176
Browns,1618
Browns,8886
Pinks,5698
Turquoises,7018
Browns,8814
Purples,6288
Greys,5845
Browns,3372
Purples,8911
Blues,7362
Browns,7265
Browns,3005
Oranges,4782
Browns,7670
Greens,1675
Greys,4342
Oranges,4102
Reds,4143
Purples,8434
Turquoises,6767
Pinks,7737
Yellows,6652
Purples,7860
Pinks,6630
Greys,868
Blues,6919
Purples,2591
Greens,2467
Blues,8893
Purples,9396
Blues,263
Greys,947
Browns,4
Browns,4887
Purples,8972
Browns,5426
Blues,4795
Pinks,8624
Purples,8538
Greens,2310
Whites,8019
Greens,8311
Purples,1520
Browns,801
Whites,3536
Greens,8450
Yellows,8995
Browns,7577
Oranges,4215
Reds,9419
Purples,287
Greys,8104
Greens,4679
Whites,1271
Browns,7124
Pinks,9191
Blues,6617
Yellows,4155
Purples,1186
Turquoises,1866
Browns,4775
Oranges,4002
Pinks,9222
Purples,716
Whites,4535
Yellows,1370
Pinks,2999
Purples,2416
Blues,6226
Browns,3156
Greys,2471
Pinks,9477
Browns,3506
Greys,5188
Pinks,5492
Blues,9442
Purples,5170
Browns,2116
Blues,7072
Browns,5505
Blues,6601
Purples,6243
Purples,1743
Oranges,9937
Browns,1233
Browns,5671
Browns,860
Greens,5460
Blues,8757
Purples,3651
Blues,4876
Blues,5235
Oranges,1487
Purples,8677
Turquoises,7478
Purples,3807
Browns,575
Purples,3286
Blues,3057
Browns,4355
Oranges,9603
Purples,6820
Pinks,3802
Browns,6442
Greens,4915
Purples,6764
Turquoises,2231
Greens,4477
Browns,3655
Purples,7684
Oranges,6399
Browns,7544
Yellows,8815
Greys,2465
Blues,1708
Purples,285
Browns,8623
Purples,6239
Purples,2831
Purples,6843
Browns,900
Yellows,9423
Oranges,4454
Purples,5707
Greens,7195
Purples,562
Pinks,2057
Whites,6948
Greens,1646
Turquoises,4894
Blues,549
Blues,9369
Greens,41
Purples,2850
Yellows,342
Pinks,487
Purples,4162
Browns,4296
Purples,3097
Reds,6466
Oranges,8520
Whites,6832
Purples,9545
Greens,9776
Pinks,7147
Greens,7664
Greens,2992
Greys,8478
Purples,631
Purples,4407
Pinks,2667
Browns,5527
Browns,6207
Purples,9215
Purples,3848
Purples,9150
Oranges,7454
Browns,1239
Purples,5226
Greens,6194
Pinks,8349
Turquoises,6867
Browns,7475
Purples,1906
Browns,3878
Yellows,1483
Turquoises,8574
Browns,4725
Pinks,1845
Browns,5243
Reds,9760
Greens,7617
Yellows,2830
Purples,6477
Turquoises,8647
Browns,5747
Greens,4455
Purples,4365
Greys,3503
Purples,9352
Purples,8474
Blues,9597
Blues,5742
Blues,6256
Purples,3152
Purples,8882
Turquoises,196
Purples,1561
Purples,8082
Greens,1279
Whites,5628
Purples,6155
Pinks,3617
Purples,4148
Oranges,6154
Purples,3726
Browns,8174
Pinks,7609
Oranges,1909
Blues,7928
Pinks,2961
Pinks,2076
Purples,8006
Pinks,7721
Purples,3349
Purples,9705
Greys,9519
Greys,6723
Purples,3982
Pinks,1046
Purples,9022
Turquoises,7349
Greens,6402
Blues,3012
Greens,8742
Blues,604
Greens,8018
Pinks,9074
Oranges,8446
Blues,6922
Browns,4602
Browns,8242
Blues,9279
Purples,8033
Pinks,3896
Oranges,9107
Greens,9694
Whites,8036
Pinks,2376
Browns,9248
Pinks,5179
Blues,5470
Blues,3552
Purples,1813
Browns,4923
Greys,5156
Greys,5831
Browns,7129
Browns,9916
Blues,9858
Pinks,2761
Greys,3037
Yellows,4625
Browns,7546
Turquoises,1683
Yellows,500
Purples,9747
Turquoises,6932
Browns,7150
Greys,7130
Greens,3595
Browns,4230
Purples,6806
Greys,9834
Purples,1372
Purples,307
Pinks,4707
Browns,605
Purples,2303
Browns,4160
Browns,2980
Purples,560
Browns,3169
Purples,4999
Blues,291
Blues,5701
Purples,1776
Browns,1316
Purples,6357
Blues,6687
Greens,3526
Purples,165
Blues,1276
Blues,6535
Purples,6514
Blues,1734
Greens,949
Oranges,1916
Yellows,3180
Purples,4942
Blues,4309
Pinks,7889
Purples,7667
Purples,1869
Blues,9377
Browns,8839
Greens,754
Greens,5585
Whites,2917
Pinks,4029
Yellows,8865
Pinks,8429
Oranges,506
Reds,5314
Greens,7538
Greens,1144
Browns,3553
Pinks,4100
Turquoises,7366
Purples,4992
Browns,5923
Browns,7728
Pinks,5881
Browns,3832
Browns,2603
Greys,5218
Purples,2733
Purples,2551
Purples,1755
Browns,4674
Browns,3623
Turquoises,449
Greens,9360
Purples,4179
Blues,1433
Blues,877
Yellows,5416
Pinks,9986
Oranges,2807
Oranges,1619
Purples,9898
Blues,6570
Purples,1581
Yellows,3299
Greens,2776
Purples,2693
Whites,1203
Oranges,3206
Greens,371
Blues,2863
Purples,3618
Oranges,784
Purples,734
Browns,4734
Purples,8372
Oranges,5007
Purples,2994
Turquoises,8908
Greens,5198
Purples,5138
Greens,510
Purples,4860
Greens,7026
Browns,2552
Yellows,7873
Yellows,9636
Blues,6829
Whites,2941
Browns,5574
Purples,2302
Greens,1096
Greys,895
Purples,4573
Blues,1614
Turquoises,5924
Browns,5615
Whites,6293
Blues,8792
Purples,865
Browns,1964
Browns,5771
Browns,6234
Oranges,2264
Blues,1252
Blues,262
Browns,3426
Purples,7337
Browns,5213
Oranges,3721
Turquoises,2629
Blues,7949
Greys,4961
Pinks,8268
Whites,4766
Whites,9912
Browns,3885
Blues,9803
Greys,8991
Browns,5843
Purples,6891
Browns,1841
Greys,760
Whites,9164
Browns,3905
Pinks,6641
Pinks,240
Greens,3281
Purples,1438
Purples,9991
Yellows,2840
Purples,6111
Purples,6985
Purples,547
Greys,4112
Greys,5803
Greens,4673
Blues,34
Greys,7283
Purples,6996
Purples,8375
Oranges,6066
Blues,3224
Turquoises,416
Greens,9210
Greens,5627
Blues,1059
Browns,2178
Oranges,3472
Purples,3048
Greens,1091
Purples,6096
Purples,1479
Purples,7563
Turquoises,6236
Purples,3616
Greys,9037
Purples,9768
Browns,8905
Purples,9003
Pinks,9497
Purples,5957
Browns,4957
Blues,5729
Greys,4572
Browns,7071
Yellows,7626
Turquoises,2289
Browns,4757
Turquoises,5940
Purples,1466
Pinks,4525
Yellows,8021
Purples,2042
Purples,8668
Browns,7017
Greens,5364
Yellows,4902
Blues,7505
Pinks,1467
Blues,5299
Purples,4324
Purples,6419
Purples,4354
Turquoises,7783
Turquoises,8490
Purples,9817
Blues,608
Browns,6802
Browns,9806
Browns,626
Greens,3233
Whites,3682
Greys,7720
Oranges,2214
Browns,9626
Purples,4693
Pinks,7055
Greys,3831
Purples,1541
Browns,3116
Purples,1090
Purples,8643
Purples,7485
Purples,3873
Blues,6432
Pinks,6091
Turquoises,8765
Purples,4086
Browns,1911
Purples,4652
Greens,3415
Pinks,7682
Blues,1206
Oranges,5094
Turquoises,139
Oranges,8299
Blues,804
Oranges,4120
Greens,3886
Yellows,1958
Purples,197
Greens,6605
Blues,6215
Oranges,6540
Turquoises,3646
Purples,9957
Browns,8071
Purples,8262
Purples,4606
Pinks,2040
Yellows,1141
Browns,8277
Blues,8614
Greens,8331
Oranges,7797
Pinks,3126
Purples,6266
Yellows,555
Blues,5090
Oranges,9496
Purples,9256
Greens,6926
Oranges,3809
Browns,4949
Blues,8156
Browns,9975
Greens,3459
Blues,6554
Yellows,9695
Purples,1159
Greens,3239
Pinks,6472
Pinks,2456
Blues,7980
Purples,4027
Pinks,1945
Purples,1397
Pinks,8122
Greens,5916
Purples,3817
Reds,4361
Greens,6289
Browns,2722
Greens,6961
Oranges,4117
Pinks,8864
Purples,481
Browns,1408
Purples,4563
Greens,4329
Purples,653
Browns,5799
Purples,8241
Greens,4377
Yellows,6421
Yellows,7058
Greens,6172
Greens,6530
Greens,7826
Greys,2334
Browns,8524
Greens,3317
Purples,1758
Purples,6690
Blues,5408
Purples,4453
Greens,7397
Greens,8696
Purples,3942
Yellows,1767
Oranges,1383
Greens,9688
Greens,6549
Whites,1167
Browns,1634
Purples,3911
Oranges,7048
Greens,5932
Browns,2658
Purples,7600
Purples,7903
Yellows,1824
Purples,3167
Purples,6027
Browns,5082
Greens,2150
Purples,3110
Purples,6515
Purples,8326
Browns,6566
Purples,6474
Pinks,7302
Greys,398
Pinks,2250
Pinks,3063
Browns,8148
Purples,2883
Oranges,9540
Greys,5078
Greens,8058
Purples,2230
Purples,5788
Browns,7716
Yellows,1145
Pinks,7825
Pinks,9531
Browns,8182
Greens,8629
Browns,1166
Purples,6516
Browns,2815
Blues,4874
Greys,4998
Pinks,6584
Browns,9945
Reds,237
Oranges,5334
Pinks,5111
Blues,8062
Purples,2592
Purples,5308
Blues,2894
Greens,7625
Pinks,6964
Blues,1318
Pinks,545
Pinks,6862
Pinks,9570
Whites,1514
Purples,8963
Pinks,7521
Purples,5611
Browns,3557
Purples,3182
Purples,1322
Oranges,8085
Blues,2035
Pinks,2134
Greens,2595
Whites,6169
Purples,570
Reds,7833
Browns,441
Blues,6841
Blues,8743
Purples,6110
Yellows,7057
Purples,7787
Purples,3338
Purples,1366
Yellows,4188
Browns,8025
Yellows,1889
Pinks,498
Purples,856
Pinks,7738
Purples,7211
Purples,1848
Browns,6214
Purples,6680
Purples,2530
Blues,7642
Yellows,5969
Browns,7810
Oranges,1201
Purples,5267
Purples,5493
Purples,1308
Yellows,4255
Browns,9371
Oranges,9295
Purples,45
Browns,1641
Purples,3940
Reds,9751
Greens,9246
Purples,7079
Blues,7732
Whites,5283
Browns,6
Greys,4038
Pinks,5359
Blues,1450
Purples,9759
Blues,9151
Browns,8615
Browns,9200
Greens,8430
Oranges,1153
Oranges,7665
Browns,2117
Yellows,4587
Purples,1014
Purples,4987
Greys,9502
Blues,8907
Browns,8517
Turquoises,5069
Purples,2211
Greys,2392
Pinks,308
Whites,995
Blues,7025
Turquoises,4131
Greys,1104
Browns,290
Oranges,5260
Greens,7605
Browns,6002
Pinks,2509
Oranges,9960
Purples,140
Greys,7452
Turquoises,7432
Pinks,4286
Purples,2394
Pinks,2489
Greys,4515
Browns,9548
Yellows,8269
Oranges,3637
Purples,463
Blues,4379
Pinks,2818
Purples,5605
Browns,563
Yellows,8271
Browns,1210
Browns,6020
Browns,2966
Pinks,8656
Purples,9409
Purples,9064
Greys,429
Browns,2914
Browns,8704
Greys,1202
Browns,785
Turquoises,8008
Purples,3674
Oranges,2950
Purples,6579
Blues,8406
Greens,2547
Blues,3903
Pinks,1251
Blues,1537
Blues,7853
Blues,5453
Yellows,311
Greens,9408
Greys,6769
Browns,5343
Browns,9201
Greens,3335
Browns,8694
Turquoises,7474
Oranges,2286
Greens,706
Greens,4260
Blues,3387
Yellows,9738
Browns,5242
Greens,7488
Browns,4226
Yellows,772
Greys,8654
Pinks,9122
Whites,6212
Purples,755
Turquoises,174
Blues,2649
Purples,2239
Purples,5807
Turquoises,1603
Purples,9510
Greys,1108
Purples,9055
Browns,1800
Purples,9608
Reds,1636
Purples,2735
Purples,7154
Browns,211
Purples,5340
Blues,1948
Greys,586
Greens,6430
Purples,8002
Yellows,8736
Browns,1684
Blues,1160
Greys,9118
Yellows,837
Pinks,32
Browns,2799
Browns,5051
Oranges,1584
Purples,2581
Purples,5126
Browns,2634
Turquoises,2901
Purples,9113
Greens,4769
Turquoises,1214
Purples,9052
Greens,9160
Purples,4411
Greys,7466
Purples,357
Purples,2297
Whites,2188
Greens,243
Purples,9801
Greys,3670
Purples,3531
Purples,3223
Pinks,831
Purples,6424
Purples,1110
Purples,39
Oranges,8399
Purples,7921
Purples,6315
Whites,433
Greys,8437
Greys,3312
Yellows,7320
Purples,2620
Purples,6782
Browns,9588
Browns,9374
Browns,691
Purples,5700
Pinks,5141
Purples,7893
Blues,6351
Pinks,5879
Purples,289
Yellows,303
Reds,7203
Purples,7257
Browns,9551
Purples,6267
Blues,3244
Browns,136
Yellows,5440
Browns,7761
Browns,2002
Greys,1655
Browns,4025
Purples,3822
Purples,7003
Blues,486
Greens,9542
Browns,7975
Purples,6284
Reds,2716
Purples,7404
Blues,4610
Purples,5564
Pinks,7953
Blues,1319
Purples,8136
Blues,8297
Blues,1222
Blues,6185
Yellows,4016
Greys,6541
Purples,5614
Purples,4393
Purples,4460
Browns,4666
Blues,5284
Greens,6949
Reds,1509
Whites,3345
Browns,6784
Browns,8304
Turquoises,7745
Greens,6199
Greens,9654
Greens,7093
Browns,2918
Pinks,1008
Greens,1881
Purples,5991
Reds,1489
Whites,3656
Greens,1425
Purples,594
Browns,3474
Oranges,2582
Browns,3929
Oranges,1288
Pinks,6379
Browns,5427
Reds,44
Pinks,7831
Oranges,3247
Greens,9365
Oranges,6237
Browns,7742
Purples,1234
Pinks,9101
Browns,4468
Blues,8645
Greens,7819
Blues,4863
Blues,4290
Browns,8052
Browns,328
Browns,8929
Pinks,4122
Pinks,2058
Purples,5776
Pinks,208
Whites,5898
Greys,6372
Browns,4378
Purples,7537
Browns,6042
Purples,6385
Purples,6158
Pinks,4866
Whites,5634
Purples,2723
Greys,9845
Purples,9821
Pinks,9152
Blues,4633
Reds,169
Browns,7315
Greys,428
Turquoises,4208
Blues,1428
Purples,6909
Blues,533
Greens,7847
Greens,2393
Greys,6640
Greens,8436
Whites,1488
Pinks,9278
Blues,7690
Browns,996
Turquoises,8280
Whites,7252
Greys,2695
Yellows,7482
Browns,4518
Blues,2809
Pinks,7813
Blues,8799
Yellows,1177
Turquoises,5926
Browns,2488
Purples,9616
Turquoises,663
Browns,3466
Whites,6614
Purples,567
Purples,252
Browns,7976
Yellows,7578
Reds,8452
Blues,5834
Purples,7291
Purples,3364
Purples,8088
Purples,5098
Turquoises,525
Greens,3836
Pinks,5370
Purples,1386
Turquoises,7644
Browns,4418
Purples,2995
Turquoises,222
Whites,6969
Browns,4049
Turquoises,4520
Greens,43
Pinks,8344
Greys,8639
Browns,1493
Turquoises,8860
Blues,8248
Greens,490
Blues,1154
Greys,8292
Purples,4983
Yellows,3722
Pinks,6750
Purples,9723
Whites,4194
Purples,3201
Browns,6631
Purples,6068
Purples,2253
Whites,1002
Greens,4020
Purples,6187
Oranges,4547
Reds,1503
Browns,3388
Blues,5377
Greens,4546
Reds,8288
Yellows,9805
Purples,8847
Purples,5619
Pinks,6078
Greys,8407
Blues,4644
Browns,4697
Whites,8440
Browns,6408
Blues,2989
Greys,4369
Yellows,9415
Greens,4467
Whites,9327
Pinks,5109
Purples,5692
Greys,1360
Purples,299
Blues,3601
Pinks,8889
Greens,1960
Turquoises,5383
Blues,9772
Greens,9125
Oranges,8394
Purples,4802
Pinks,9292
Purples,9958
Turquoises,4595
Purples,1652
Purples,3175
Greens,7136
Pinks,2920
Purples,5558
Yellows,2973
Browns,2185
Purples,9895
Reds,8516
Browns,8017
Blues,6639
Purples,9661
Pinks,1697
Browns,1350
Pinks,6021
Blues,6064
Purples,7295
Oranges,7677
Browns,4463
Pinks,9277
Purples,6153
Blues,8816
Purples,5927
Blues,9475
Oranges,2070
Yellows,3486
Whites,5977
Browns,468
Yellows,8904
Purples,809
Purples,1168
Browns,5837
Greens,4387
Browns,6135
Browns,5325
Pinks,5516
Purples,6359
Yellows,7179
Purples,2060
Greys,9367
Blues,6503
Purples,3275
Pinks,1435
Pinks,2846
Browns,9773
Purples,8143
Browns,3604
Blues,9494
Purples,2608
Browns,883
Turquoises,3867
Oranges,1610
Greens,19
Greys,8759
Purples,6594
Browns,7258
Pinks,958
Yellows,1759
Purples,9407
Purples,9712
Yellows,9149
Purples,5840
Purples,1582
Browns,8477
Greys,8796
Pinks,8321
Yellows,9906
Purples,2010
Pinks,4276
Blues,2191
Purples,1024
Purples,5302
Blues,9484
Reds,1978
Browns,7186
Yellows,1615
Blues,4657
Blues,8438
Browns,7498
Browns,4660
Reds,981
Blues,7778
Pinks,5875
Purples,7643
Purples,5103
Greens,5708
Browns,9556
Browns,946
Greens,6492
Oranges,2104
Purples,9320
Purples,8480
Browns,2985
Browns,5158
Greys,916
Greens,6381
Turquoises,2517
Greys,3814
Blues,1818
Reds,3784
Blues,4581
Purples,6978
Browns,3149
Blues,9506
Browns,6822
Blues,442
Yellows,834
Greens,3328
Pinks,8501
Purples,6011
Pinks,8547
Browns,6814
Browns,2023
Browns,6766
Greens,2229
Greens,8976
Purples,2949
Purples,9293
Pinks,57
Browns,1620
Yellows,4062
Browns,167
Blues,1787
Browns,2675
Browns,5526
Purples,1494
Purples,9888
Purples,4772
Greens,4440
Purples,5687
Oranges,8294
Greens,9364
Purples,4882
Blues,8884
Purples,3064
Browns,2525
Blues,5956
Reds,6852
Reds,6936
Blues,4810
Oranges,3422
Purples,1913
Purples,3933
Yellows,7298
Yellows,6449
Greens,5296
Greens,1875
Purples,780
Browns,5686
Purples,3183
Browns,1606
Greens,7769
Greens,1990
Purples,6303
Browns,6253
Blues,9051
Purples,2790
Browns,3717
Blues,2389
Browns,9754
Pinks,9526
Greens,1846
Blues,5439
Browns,3834
Browns,4487
Pinks,469
Purples,9483
Browns,7876
Greys,54
Pinks,422
Greys,4357
Greens,2559
Pinks,1401
Greens,857
Blues,2933
Blues,4831
Browns,7765
Blues,6294
Greens,3907
Purples,3501
Greens,702
Oranges,6272
Browns,2241
Purples,942
Browns,2460
Blues,213
Purples,2144
Purples,5068
Greens,424
Greens,5256
Pinks,2700
Blues,1020
Browns,4409
Greens,2203
Browns,3238
Greys,4738
Purples,3054
Purples,5982
Pinks,3963
Browns,7749
Browns,8026
Purples,5810
Purples,4600
Purples,6500
Purples,5509
Browns,2182
Greens,6982
Greys,8198
Reds,176
Blues,7173
Yellows,4270
Pinks,281
Yellows,8923
Blues,3222
Blues,1805
Greens,9696
Greens,1089
Greens,8733
Purples,9402
Pinks,2895
Turquoises,5473
Blues,7631
Greens,6846
Greens,5502
Browns,4282
Oranges,4897
Browns,1954
Browns,4834
Browns,6463
Pinks,5794
Pinks,6577
Browns,5443
Purples,5885
Browns,4167
Pinks,6856
Whites,6960
Pinks,5552
Browns,4845
Blues,7599
Pinks,2161
Pinks,3612
Pinks,6009
Purples,4767
Reds,6910
Greens,7726
Greens,9578
Blues,2121
Purples,304
Browns,3927
Purples,5578
Browns,6552
Greys,7167
Oranges,9507
Pinks,194
Greys,2927
Pinks,6150
Blues,2899
Blues,5553
Purples,3986
Blues,8557
Purples,4137
Browns,1653
Blues,7776
Purples,6604
Blues,9392
Browns,3287
Browns,3734
Purples,7913
Purples,5717
Browns,9769
Pinks,6144
Purples,9798
Oranges,3753
Pinks,3297
Pinks,5920
Purples,4430
Purples,7347
Browns,1828
Greys,9866
Oranges,4168
Purples,3261
Browns,2021
Greys,6848
Purples,7420
Purples,2273
Purples,4421
Purples,7686
Pinks,8195
Pinks,8031
Purples,3774
Purples,7039
Purples,7669
Browns,2931
Greens,1599
Greys,423
Greens,8302
Oranges,3564
Browns,1904
Blues,666
Pinks,7037
Greens,4856
Blues,3080
Greens,2843
Greens,1224
Greens,4182
Blues,618
Yellows,3938
Oranges,9946
Pinks,7389
Yellows,5861
Blues,3926
Browns,6349
Blues,3622
Greens,8224
Purples,5943
Purples,7126
Reds,2786
Turquoises,7888
Purples,3693
Purples,7616
Whites,6022
Purples,2408
Blues,2904
Reds,8749
Greens,9753
Browns,1502
Blues,7549
Purples,5419
Blues,6628
Whites,5626
Browns,4889
Pinks,7085
Purples,363
Pinks,7999
Purples,4169
Greys,3497
Browns,9252
Purples,1807
Whites,9433
Pinks,6058
Greys,5381
Browns,6403
Purples,1052
Greys,5590
Greens,1867
Purples,8900
Blues,2730
Browns,6851
Browns,9240
Purples,7000
Browns,3711
Purples,1754
Greens,8913
Reds,1976
Purples,5026
Browns,8166
Purples,4827
Purples,2885
Browns,9970
Purples,3209
Blues,598
Blues,273
Browns,3849
Greens,4497
Purples,9977
Browns,9992
Turquoises,3668
Blues,5346
Browns,7634
Pinks,6665
Browns,6645
Purples,7707
Pinks,6031
Yellows,7121
Turquoises,4574
Turquoises,9852
Yellows,4037
Blues,8353
Greens,2317
Purples,3672
Purples,2532
Browns,9782
Pinks,1868
Browns,5772
Greens,3951
Browns,7755
Blues,3700
Purples,6957
Browns,5554
Browns,5016
Blues,4885
Browns,432
Reds,3347
Purples,6618
Pinks,5030
Greens,693
Browns,2227
Browns,2728
Greens,4367
Pinks,8679
Reds,5015
Browns,4283
Yellows,5043
Browns,153
Whites,4164
Browns,6364
Greens,811
Blues,9779
Browns,233
Browns,1292
Purples,6944
Greys,5092
Greens,6998
Reds,9885
Greens,3291
Purples,99
Oranges,2041
Yellows,5549
Reds,7750
Greys,345
Whites,2882
Blues,6168
Purples,6076
Greens,5385
Purples,1175
Blues,3251
Purples,4414
Oranges,6010
Browns,5833
Reds,5071
Blues,8076
Purples,3208
Purples,4937
Yellows,1369
Blues,7204
Browns,3173
Purples,976
Purples,5651
Blues,3129
Purples,6556
Yellows,1157
Purples,202
Purples,7782
Yellows,2403
Browns,3568
Greens,6278
Purples,756
Oranges,7823
Browns,8728
Pinks,3320
Purples,2656
Purples,2784
Purples,3677
Greys,3074
Purples,9761
Greens,2085
Purples,4300
Blues,6328
Purples,9254
Purples,8290
Purples,1185
Purples,4314
Browns,4976
Yellows,1065
Purples,7961
Blues,7693
Purples,2027
Turquoises,2356
Greens,9065
Purples,979
Greens,9871
Purples,3518
Greens,5199
Purples,3250
Greens,4870
Pinks,2569
Greys,6287
Turquoises,7781
Whites,434
Greens,964
Greens,7900
Whites,7509
Purples,1061
Purples,3861
Greens,9375
Blues,7316
Purples,2701
Browns,2533
Yellows,6299
Greys,5154
Greys,5380
Greys,5220
Pinks,6547
Yellows,5010
Oranges,369
Greens,646
Browns,6855
Blues,3704
Purples,3773
Browns,1219
Blues,2377
Browns,1035
Pinks,1864
Pinks,155
Yellows,8223
Greens,9620
Purples,7155
Browns,1721
Blues,8332
Pinks,2779
Browns,9990
Purples,7127
Purples,7694
Yellows,8081
Yellows,3546
Purples,5491
Pinks,4489
Purples,2659
Blues,4041
Browns,3068
Browns,4222
Purples,9706
Purples,2521
Greens,7086
Greys,17
Oranges,7399
Purples,7010
Turquoises,1033
Greys,1798
Blues,7713
Turquoises,6485
Greens,7773
Pinks,2217
Reds,6188
Browns,7736
Purples,1812
Browns,7125
Browns,9518
Purples,5659
Browns,7878
Purples,2127
Reds,9272
Purples,7367
Greens,4242
Reds,6007
Whites,7822
Yellows,2140
Greys,1588
Blues,8038
Greens,3582
Purples,3296
Greys,2721
Yellows,5643
Oranges,406
Purples,4350
Purples,4678
Blues,719
Purples,6912
Oranges,8034
Browns,7339
Turquoises,4939
Whites,4928
Oranges,8056
Reds,8621
Whites,844
Reds,3444
Whites,9839
Reds,46
Greens,2924
Browns,3739
Purples,2715
Turquoises,5479
Purples,3397
Yellows,9274
Blues,8289
Yellows,242
Pinks,8576
Greens,9073
Blues,8771
Pinks,8003
Greys,5303
Greens,8734
Greys,3756
Browns,2607
Greens,3221
Greens,247
Greys,8881
Greens,4009
Purples,4524
Purples,7584
Greys,56
Purples,5112
Purples,5672
Blues,4537
Turquoises,9671
Whites,3801
Turquoises,9325
Turquoises,2768
Turquoises,7635
Blues,7045
Browns,4855
Purples,265
Greens,884
Browns,6383
Turquoises,5795
Greys,7762
Purples,1533
Purples,8403
Purples,9533
Reds,6274
Pinks,7009
Greens,4465
Purples,8488
Turquoises,2515
Purples,1135
Browns,3368
Purples,7411
Blues,8997
Browns,2261
Purples,9609
Oranges,590
Purples,152
Greys,6441
Blues,5645
Pinks,5613
Greens,5633
Greens,2361
Browns,9110
Whites,387
Purples,7012
Yellows,5411
Purples,9713
Turquoises,2565
Blues,7766
Whites,1249
Blues,5802
Browns,5180
Browns,9685
Purples,7816
Pinks,2681
Greys,5800
Purples,9060
Browns,7415
Browns,9263
Browns,1674
Greens,4360
Turquoises,446
Purples,7845
Purples,8628
Purples,9704
Purples,5347
Purples,1078
Purples,9684
Greys,8720
Turquoises,9304
Greys,6238
Purples,4118
Yellows,4424
Greens,6940
Purples,1842
Reds,6793
Greens,8827
Blues,8220
Browns,1589
Pinks,2124
Browns,8502
Blues,6037
Greys,9963
Purples,1272
Yellows,994
Greens,3898
Oranges,7807
Greens,8924
Browns,8778
Blues,216
Greens,7615
Greens,7607
Purples,7951
Greys,5162
Purples,4840
Blues,3365
Blues,2275
Pinks,2755
Pinks,4601
Purples,5086
Browns,3785
Whites,3845
Blues,425
Greens,368
Pinks,1949
Purples,2186
Browns,3405
Turquoises,4481
Browns,2369
Blues,8428
Turquoises,1817
Blues,1414
Purples,5129
Browns,6034
Blues,5684
Browns,8030
Greys,6585
Greys,7139
Greens,6758
Pinks,310
Pinks,5203
Greens,9731
Purples,187
Greens,7448
Browns,2905
Reds,2981
Browns,8377
Greys,2930
Browns,6146
Blues,7723
Whites,2599
Browns,595
Browns,5894
Blues,5575
Reds,9765
Yellows,6220
Whites,9361
Greys,8350
Reds,4249
Browns,6659
Browns,2091
Blues,3133
Purples,9981
Purples,7268
Greens,9140
Pinks,863
Greys,3456
Pinks,9487
Greens,6732
Purples,1922
Purples,2986
Oranges,2537
Pinks,4096
Turquoises,6109
Purples,5913
Greens,3542
Purples,6242
Pinks,4392
Reds,4696
Reds,8661
Browns,5813
Blues,392
Purples,1075
Purples,7391
Greys,2604
Yellows,1941
Greys,372
Greens,898
Blues,6059
Turquoises,8927
Purples,4680
Turquoises,654
Greens,4055
Greens,7463
Yellows,1099
Turquoises,1199
Greens,5297
Browns,613
Pinks,8564
Greys,5191
Purples,6788
Browns,4555
Yellows,9802
Turquoises,9287
Greens,6228
Greys,7508
Browns,1971
Greens,6775
Browns,4073
Browns,5874
Whites,1023
Oranges,5437
Greens,4980
Greens,967
Turquoises,5057
Browns,3544
Purples,3659
Purples,9016
Greens,5596
Purples,4295
Greens,4689
Reds,5644
Greens,4265
Oranges,4316
Blues,5055
Purples,4373
Purples,2339
Greys,3821
Greens,871
Blues,4301
Browns,9067
Purples,3187
Greens,1274
Whites,7957
Greys,977
Pinks,6546
Blues,4435
Browns,4111
Blues,7115
Greens,4082
Pinks,9846
Greens,2630
Greens,9933
Whites,6486
Blues,2811
Purples,6189
Browns,6689
Pinks,7891
Greens,4381
Greys,9206
Oranges,3011
Browns,2280
Pinks,4865
Greens,1872
Purples,8521
Browns,3912
Blues,2103
Purples,569
Browns,277
Purples,8303
Purples,5587
Blues,6480
Browns,1727
Greys,5822
Pinks,6302
Purples,1232
Pinks,1574
Blues,3191
Purples,7182
Blues,3095
Browns,88
Yellows,4727
Pinks,3213
Whites,3971
Browns,4018
Purples,2331
Purples,7926
Blues,3257
Greys,4798
Purples,3457
Greys,8702
Blues,1823
Browns,934
Purples,4824
Pinks,7450
Greens,9951
Turquoises,7481
Blues,3571
Greys,349
Blues,8510
Greens,5532
Purples,5113
Greens,5786
Purples,4348
Blues,596
Turquoises,5376
Blues,8921
Purples,3573
Pinks,2691
Greys,9809
Pinks,381
Blues,592
Yellows,9184
Oranges,7406
Oranges,1590
Greens,7872
Oranges,7760
Turquoises,2661
Purples,8111
Browns,5409
Browns,459
Purples,6588
Blues,5647
Greys,8982
Browns,5294
Whites,1728
Purples,407
Pinks,2165
Oranges,5919
Greens,7801
Purples,3636
Purples,4432
Yellows,963
Greens,6536
Reds,5566
Greys,9633
Browns,4692
Purples,1659
Blues,86
Purples,1612
Turquoises,413
Browns,3610
Browns,4470
Purples,5854
Greys,2312
Purples,3114
Greens,6384
Oranges,7884
Browns,3918
Purples,5964
Pinks,9810
Greys,1736
Browns,2194
Purples,852
Browns,8138
Browns,9500
Greens,6086
Blues,4930
Reds,718
Purples,6389
Purples,5646
Yellows,3800
Yellows,3541
Greys,6308
Greens,5100
Purples,9549
Purples,7444
Purples,7465
Oranges,8336
Yellows,1525
Greys,3245
Greens,7446
Browns,9492
Browns,2785
Blues,3524
Browns,6612
Whites,8530
Whites,4940
Turquoises,309
Blues,4637
Greens,3447
Browns,7989
Purples,7425
Browns,8565
Purples,1250
Browns,7461
Greens,2364
Greens,3451
Blues,1593
Purples,1211
Purples,9800
Whites,2575
Browns,2414
Reds,1072
Purples,3220
Browns,1834
Purples,7094
Greens,5486
Blues,9333
Browns,6063
Purples,3142
Reds,2963
Purples,66
Greens,7688
Purples,2508
Purples,6035
Greys,1956
Purples,6819
Turquoises,6753
Browns,9020
Browns,5425
Pinks,6374
Purples,849
Oranges,670
Blues,2332
Browns,6079
Turquoises,1048
Blues,9670
Greens,2858
Browns,6131
Greys,4582
Purples,709
Greys,1999
Blues,9438
Purples,112
Browns,8683
Browns,1259
Browns,2285
Turquoises,2051
Pinks,3586
Oranges,2262
Pinks,2979
Greens,2342
Blues,9097
Pinks,1349
Blues,3925
Greys,9238
Greens,9587
Greens,5642
Purples,4604
Browns,35
Pinks,7988
Oranges,1067
Reds,4416
Purples,3995
Browns,7304
Pinks,1392
Browns,6669
Browns,7401
Pinks,9006
Browns,264
Purples,6102
Purples,5367
Greens,3232
Pinks,7107
Pinks,6140
Greys,1299
Purples,7735
Reds,1749
Pinks,6363
Pinks,4372
Browns,6780
Blues,4857
Purples,7943
Purples,8602
Purples,2888
Blues,272
Pinks,8670
Purples,3507
Yellows,8588
Browns,3042
Browns,4509
Browns,911
Browns,1829
Purples,6254
Browns,7225
Yellows,6401
Greens,8825
Oranges,2953
Yellows,8922
Yellows,6493
Reds,7843
Greens,2834
Browns,9790
Greens,2344
Purples,2739
Greys,3870
Browns,4285
Turquoises,2791
Purples,7050
Greens,3999
Purples,5709
Greens,5515
Purples,4773
Greens,9283
Greens,504
Oranges,1231
Turquoises,134
Greys,7292
Yellows,7400
Browns,3315
Greens,6609
Purples,3872
Purples,1286
Pinks,8448
Browns,4776
Purples,7592
Purples,5495
Blues,5721
Oranges,3073
Reds,5386
Oranges,3062
Purples,9509
Pinks,7210
Browns,2503
Pinks,2652
Purples,471
Greys,9270
Greys,753
Blues,9009
Blues,2572
Yellows,2209
Yellows,358
Purples,9659
Browns,9381
Whites,9613
Greys,9004
Greens,8587
Turquoises,6507
Turquoises,5206
Browns,4473
Greens,3879
Blues,1385
Purples,5018
Yellows,5860
Pinks,536
Pinks,1785
Purples,3144
Purples,1128
Purples,5238
Purples,1725
Whites,3673
Pinks,1580
Purples,552
Purples,7324
Browns,7416
Purples,9949
Purples,6072
Greys,5164
Purples,8495
Purples,3145
Purples,7035
Greens,3331
Greens,5960
Oranges,5907
Purples,991
Greens,70
Turquoises,6259
Greys,9807
Browns,5039
Browns,8917
Greys,1555
Oranges,9437
Greens,9564
Browns,1190
Purples,2413
Purples,5355
Purples,8492
Browns,6248
Purples,2892
Greys,5660
Turquoises,3496
Greens,5974
Purples,6085
Oranges,9988
Purples,313
Browns,2036
Oranges,899
Purples,9638
Yellows,6728
Pinks,8175
Browns,5705
Purples,2398
Blues,616
Purples,1171
Whites,5735
Blues,4198
Greens,8634
Pinks,9479
Greens,9446
Blues,1516
Greys,8337
Blues,9196
Greys,8830
Purples,4599
Greys,2817
Reds,5063
Purples,6495
Greys,2531
Purples,1331
Reds,4352
Oranges,8355
Browns,6643
Browns,6907
Browns,4019
Purples,1265
Reds,9194
Purples,4597
Purples,2511
Blues,8855
Browns,9874
Purples,6114
Greens,8953
Yellows,8540
Purples,7838
Purples,2773
Browns,645
Purples,8984
Purples,3513
Blues,2152
Oranges,4163
Greens,3211
Yellows,3307
Turquoises,1226
Pinks,2548
Pinks,2542
Purples,3833
Pinks,244
Purples,1342
Purples,1058
Purples,8263
Greens,3017
Yellows,8798
Purples,4862
Purples,9715
Reds,1452
Purples,550
Turquoises,5756
Browns,4508
Browns,8482
Blues,2526
Yellows,9229
Oranges,6981
Pinks,3882
Whites,4946
Greens,6986
Purples,7565
Purples,1194
Browns,1504
Yellows,862
Purples,296
Purples,7280
Purples,1648
Purples,4740
Turquoises,6517
Turquoises,938
Purples,9878
Reds,6521
Browns,6497
Whites,9233
Browns,1047
Greens,9218
Reds,437
Browns,1079
Purples,9598
Purples,8005
Oranges,805
Purples,7148
Whites,597
Pinks,3108
Blues,8596
Browns,9721
Turquoises,6581
Blues,6893
Purples,1116
Browns,7887
Pinks,6323
Browns,8060
Turquoises,915
Browns,4812
Browns,8125
Purples,3550
Purples,5732
Browns,6816
Purples,7991
Greens,238
Pinks,5455
Pinks,1016
Turquoises,743
Purples,4017
Whites,9976
Blues,8351
Browns,9311
Greens,6310
Purples,8048
Purples,4173
Turquoises,2929
Browns,9070
Purples,2409
Purples,4780
Greens,8073
Greens,1680
Purples,9579
Browns,1362
Browns,8511
Pinks,2151
Pinks,535
Greens,3577
Pinks,869
Greens,9787
Purples,9832
Purples,3376
Blues,7043
Purples,8802
Pinks,2660
Purples,8219
Greens,2851
Reds,9764
Blues,8528
Browns,9464
Browns,2621
Purples,3968
Purples,9436
Pinks,3551
Purples,3431
Purples,4185
Greens,4320
Browns,2876
Pinks,1301
Purples,4562
Yellows,3442
Pinks,9710
Oranges,4530
Blues,3899
Greens,6386
Browns,3159
Oranges,3350
Turquoises,9950
Blues,1888
Greens,6598
Blues,2029
Purples,5436
Purples,7803
Greens,8486
Blues,4428
Purples,7969
Blues,6825
Purples,3838
Greens,7272
Purples,8756
Browns,8393
Purples,8061
Purples,6420
Purples,2106
Blues,5763
Greens,7601
Purples,6647
Purples,6717
Greys,8494
Blues,6572
Greens,8387
Purples,7851
Pinks,9083
Pinks,1549
Greys,982
Greens,4151
Purples,9488
Purples,1563
Pinks,8505
Browns,3751
Purples,6938
Purples,9968
Greens,4531
Browns,998
Blues,3078
Blues,3060
Pinks,2066
Greens,8973
Greys,5778
Pinks,2024
Purples,4448
Purples,6833
Yellows,5785
Purples,8158
Greens,707
Oranges,6733
Pinks,2833
Purples,9594
Purples,8105
Greens,1193
Browns,9543
Oranges,6603
Whites,3445
Pinks,4434
Greens,4195
Purples,2560
Whites,6629
Blues,5830
Purples,548
Browns,9384
Yellows,6560
Whites,6030
Purples,203
Blues,5104
Greens,7341
Greys,3860
Greys,3363
Purples,2122
Yellows,7158
Blues,76
Greys,8662
Greys,3764
Greys,461
Yellows,908
Blues,5193
Purples,5824
Blues,4310
Greys,8957
Whites,3389
Purples,4968
Purples,8306
Turquoises,3452
Blues,9261
Purples,84
Browns,7930
Browns,5897
Greys,4591
Purples,7236
Purples,2226
Purples,6501
Turquoises,9460
Blues,4859
Purples,4806
Pinks,7933
Pinks,2497
Purples,1009
Purples,4929
Pinks,5533
Purples,4340
Greens,1123
Greys,6901
Purples,7090
Greens,6179
Purples,3178
Whites,7471
Pinks,4631
Oranges,4732
Purples,7153
Greens,2293
Turquoises,8987
Oranges,5562
Blues,3190
Blues,1499
Purples,9952
Purples,3276
Browns,5951
Purples,3390
Browns,5052
Purples,8124
Purples,1456
Greys,8201
Browns,8109
Greys,8522
Purples,1437
Whites,6100
Browns,5423
Greens,4843
Pinks,2493
Blues,7944
Purples,9173
Browns,6835
Purples,3811
Blues,3597
Purples,9291
Blues,7487
Greens,2003
Oranges,3203
Pinks,823
Browns,5573
Purples,867
Whites,9843
Blues,7863
Pinks,7013
Browns,5286
Purples,2382
Yellows,3395
Blues,6658
Oranges,2473
Browns,7256
Pinks,7056
Purples,9317
Purples,4035
Yellows,6088
Blues,7423
Purples,1396
Greens,2698
Greens,7748
Browns,4966
Oranges,5544
Browns,8317
Browns,8676
Turquoises,1780
Purples,2370
Purples,5918
Browns,7250
Purples,9971
Greens,5908
Browns,4762
Greys,1707
Purples,6055
Purples,5567
Purples,9983
Turquoises,1857
Browns,5630
Purples,253
Greens,6808
Pinks,2019
Greens,2971
Browns,1865
Browns,6026
Whites,2069
Whites,8170
Greens,259
Oranges,3488
Purples,3394
Browns,5263
Oranges,1389
Browns,8475
Pinks,8205
Greens,2184
Browns,2055
Pinks,3959
Yellows,138
Oranges,2316
Reds,3947
Purples,787
Oranges,7561
Blues,1656
Browns,3483
Turquoises,5081
Browns,8891
Browns,3780
Purples,5230
Turquoises,2990
Browns,3000
Purples,6070
Greys,1304
Blues,9534
Turquoises,8518
Greys,9745
Reds,3761
Greens,8625
Blues,1873
Browns,7384
Turquoises,8688
Browns,4750
Reds,4217
Greys,683
Browns,4057
Turquoises,9285
Purples,648
Greys,9903
Purples,9503
Browns,6367
Purples,4975
Turquoises,274
Purples,4305
Browns,1197
Greens,641
Turquoises,1173
Purples,974
Greens,5995
Blues,9136
Oranges,2179
Yellows,4779
Blues,5172
Yellows,9641
Browns,925
Pinks,9126
Turquoises,5652
Pinks,3825
Whites,3424
Whites,5739
Oranges,4417
Browns,3957
Greys,9511
Pinks,2977
Turquoises,1454
Browns,5600
Greys,7507
Purples,409
Greys,3007
Pinks,7772
Purples,622
Reds,1101
Greys,8866
Yellows,4920
Pinks,776
Blues,6830
Greys,4507
Browns,3948
Pinks,6563
Greens,966
Pinks,7613
Purples,8456
Blues,1395
Browns,470
Purples,7752
Greens,6626
Purples,8389
Purples,5968
Pinks,447
Greens,614
Greens,2906
Pinks,2267
Yellows,7910
Greens,3391
Yellows,5017
Purples,2962
Blues,3989
Purples,2435
Browns,921
Whites,6976
Pinks,5177
Oranges,8691
Purples,3740
Purples,7695
Greens,378
Blues,456
Purples,8712
Browns,5789
Browns,1703
Oranges,6900
Purples,3352
Pinks,9980
Browns,1422
Purples,9701
Purples,8396
Greens,2287
Greys,6760
Blues,5450
Greens,7424
Browns,557
Browns,9668
Purples,2431
Reds,5931
Browns,6666
Browns,7462
Browns,9453
Greens,4568
Purples,521
Purples,4110
Oranges,4896
Blues,6339
Yellows,6889
Browns,9674
Purples,9923
Purples,9735
Yellows,4823
Pinks,206
Turquoises,3880
Greens,7580
Purples,8300
Blues,703
Browns,7804
Browns,8829
Purples,3762
Greys,6973
Purples,5993
Blues,8135
Greens,7524
Pinks,2380
Whites,9947
Browns,5175
Oranges,1811
Greens,8275
Purples,8666
Greys,2327
Pinks,386
Browns,3554
Purples,5247
Greens,5736
Oranges,8346
Pinks,5321
Browns,7070
Pinks,283
Pinks,8435
Greens,1710
Blues,2875
Purples,2498
Browns,7623
Greens,3706
Greys,6162
Blues,6972
Purples,5265
Pinks,2787
Blues,6151
Browns,3599
Purples,1111
Greys,3741
Whites,1055
Purples,92
Purples,1506
Browns,2078
Purples,3731
Purples,8040
Browns,295
Purples,347
Greys,1819
Whites,2816
Turquoises,5022
Greens,9063
Oranges,3979
Whites,7532
Browns,8080
Purples,6186
Pinks,6673
Purples,5110
Turquoises,1698
Greens,978
Purples,5930
Pinks,4899
Oranges,7517
Greys,5216
Purples,806
Browns,5257
Purples,5917
Pinks,841
Reds,5986
Purples,7870
Purples,6340
Greens,960
Purples,7321
Oranges,3407
Browns,4880
Purples,4705
Yellows,913
Purples,6277
Greens,5231
Oranges,137
Purples,4796
Oranges,2260
Purples,5285
Purples,3640
Yellows,6233
Yellows,6123
Pinks,7113
Pinks,5649
Purples,2119
Whites,3815
Pinks,671
Reds,9743
Reds,7330
Purples,9417
Greens,9301
Purples,997
Reds,6073
Turquoises,8192
Greens,587
Purples,8045
Purples,638
Yellows,7968
Browns,1136
Oranges,6438
Browns,9982
Whites,2820
Greens,1332
Greys,7916
Purples,365
Browns,8267
Greens,7841
Purples,789
Yellows,7378
Purples,3525
Browns,655
Browns,818
Browns,2967
Browns,9286
Whites,6869
Browns,5896
Purples,2102
Browns,5603
Turquoises,7835
Purples,9863
Yellows,4396
Browns,3214
Greens,6104
Reds,6534
Browns,6504
Purples,5438
Purples,4892
Purples,3719
Browns,1217
Browns,8362
Yellows,516
Pinks,9836
Purples,5787
Purples,2457
Purples,454
Purples,7767
Blues,127
Turquoises,3318
Yellows,6427
Browns,379
Greens,5315
Browns,1645
Purples,9431
Browns,8338
Browns,8227
Oranges,1134
Greens,3720
Browns,148
Pinks,2666
Blues,1952
Reds,7266
Purples,4127
Blues,738
Blues,9864
Browns,3543
Browns,2655
Purples,7323
Browns,9643
Oranges,7118
Browns,9090
Pinks,870
Browns,3949
Blues,2884
Blues,8801
Yellows,1205
Pinks,9027
Greys,9275
Greens,7467
Whites,2128
Purples,3921
Greens,8508
Yellows,543
Greys,6062
Purples,5975
Browns,4704
Pinks,5399
Pinks,3782
Browns,3635
Pinks,3953
Pinks,8091
Greens,2777
Browns,4960
Purples,5318
Oranges,5135
Greys,6343
Pinks,5295
Browns,1255
Blues,5035
Purples,8896
Purples,1148
Oranges,3199
Blues,1663
Pinks,6156
Greens,1553
Browns,2610
Pinks,1602
Turquoises,8258
Yellows,4250
Greens,496
Greens,3337
Pinks,2034
Blues,8376
Purples,8215
Purples,1950
Browns,6954
Greys,30
Greys,4067
Yellows,7545
Purples,4223
Oranges,1854
Greens,1480
Browns,6316
Blues,8916
Pinks,9014
Blues,2765
Browns,2745
Blues,4534
Greens,6411
Purples,3980
Greens,5560
Browns,4688
Turquoises,6850
Pinks,9490
Purples,9530
Browns,9428
Turquoises,5961
Greens,6532
Purples,3695
Oranges,3892
Yellows,1661
Oranges,3194
Browns,5076
Browns,3575
Yellows,6971
Pinks,2680
Purples,2810
Purples,4328
Turquoises,2852
Yellows,8722
Oranges,1735
Oranges,7922
Whites,5523
Blues,68
Purples,2233
Greens,9491
Turquoises,1844
Whites,4031
Yellows,7568
Browns,1757
Purples,5006
Oranges,7590
Greys,9718
Browns,7497
Browns,8648
Browns,5719
Yellows,9658
Reds,741
Greens,909
Pinks,782
Purples,8852
Greens,1283
Blues,7576
Browns,3851
Greens,8682
Browns,4545
Oranges,8859
Whites,1782
Purples,6583
Oranges,3647
Greens,658
Pinks,9296
Browns,9187
Greens,3098
Oranges,4076
Blues,9569
Whites,1054
Turquoises,992
Purples,7141
Yellows,7014
Yellows,3115
Purples,9462
Browns,1282
Greens,1672
Browns,5277
Browns,2726
Oranges,7964
Purples,3139
Greens,6013
Turquoises,9648
Pinks,2805
Pinks,4273
Pinks,3652
Browns,6412
Blues,5867
Purples,7704
Pinks,796
Purples,6715
Blues,8797
Yellows,7246
Greens,7963
Pinks,3569
Turquoises,2751
Pinks,1413
Purples,3937
Browns,7970
Yellows,5668
Greens,5053
Purples,9876
Browns,8784
Greens,8560
Blues,9019
Browns,9190
Greens,5871
Purples,1746
Greys,6859
Whites,1650
Greys,6414
Oranges,4813
Pinks,2549
Browns,5387
Purples,6003
Browns,6703
Greys,7850
Browns,1375
Purples,2092
Greys,4648
Purples,7875
Greens,9499
Greys,9348
Greens,2631
Turquoises,5826
Reds,8689
Whites,62
Oranges,113
Browns,8992
Purples,8493
Purples,5101
Purples,9886
Purples,7917
Purples,6098
Greens,7966
Greens,6772
Pinks,6990
Browns,4893
Browns,198
Purples,2362
Greens,1982
Browns,532
Whites,2118
Greys,6902
Browns,1453
Blues,5922
Turquoises,5368
Blues,854
Browns,3958
Yellows,5393
Purples,3791
Blues,6484
Blues,1419
Greys,6836
Purples,6718
Pinks,2202
Browns,4538
Greens,665
Oranges,261
Browns,2164
Purples,4726
Turquoises,8716
Pinks,336
Oranges,1307
Blues,1878
Greys,9389
Purples,2717
Greens,7784
Greens,9018
Yellows,6224
Yellows,2059
Blues,4580
Greys,1131
Purples,8862
Browns,7954
Purples,8348
Purples,2600
Purples,8098
Whites,5107
Whites,9245
Whites,6824
Blues,3603
Purples,4667
Browns,1011
Purples,7160
Purples,1477
Oranges,4395
Oranges,9987
Browns,450
Purples,6281
Purples,1010
Browns,5994
Yellows,721
Browns,1662
Browns,3192
Purples,9589
Greens,1000
Yellows,482
Browns,4056
Greens,2638
Reds,7955
Browns,6067
Browns,8515
Greens,3083
Oranges,791
Pinks,8079
Greys,8903
Yellows,9664
Greys,5506
Reds,2797
Greens,688
Blues,9770
Greens,1378
Blues,4963
Blues,2326
Purples,7382
Yellows,1280
Pinks,3121
Greens,5476
Greens,8097
Pinks,3588
Purples,2781
Oranges,7122
Browns,4511
Reds,8014
Greys,2502
Turquoises,930
Purples,5959
Blues,2767
Browns,7193
Blues,5272
Yellows,7909
Browns,6870
Browns,8785
Oranges,6416
Blues,917
Pinks,2623
Greys,7846
Purples,5352
Blues,5151
Greys,2324
Purples,7719
Purples,769
Browns,4012
Oranges,4821
Greys,1367
Purples,9300
Purples,102
Browns,3765
Turquoises,2865
Purples,323
Greens,1870
Yellows,9099
Purples,8949
Yellows,5305
Yellows,1285
Greens,9640
Browns,9329
Greens,3441
Oranges,6410
Browns,8983
Turquoises,5856
Browns,6014
Browns,3420
Oranges,5863
Oranges,8325
Purples,5036
Turquoises,6163
Browns,6887
Purples,1379
Turquoises,843
Purples,3904
Blues,7356
Greens,8849
Purples,2284
Pinks,2341
Browns,1471
Greys,6667
Browns,4619
Browns,761
Greys,268
Greens,508
Purples,2744
Purples,7249
Turquoises,9541
Reds,7301
Blues,1966
Pinks,9383
Pinks,4513
Pinks,7459
Purples,6270
Browns,7333
Whites,5547
Pinks,2606
Purples,8766
Pinks,7387
Greens,9989
Purples,2350
Blues,1822
Whites,6740
Browns,2329
Yellows,6813
Browns,9123
Blues,3657
Reds,2646
Purples,4819
Purples,601
Purples,1416
Pinks,5001
Browns,2614
Yellows,6956
Blues,4211
Browns,4971
Purples,9812
Blues,3908
Browns,9943
Purples,6196
Purples,9181
Blues,9875
Pinks,8608
Browns,8622
Blues,2756
Oranges,8037
Whites,7134
Greens,8959
Oranges,5979
Browns,3302
Pinks,4212
Pinks,6587
Blues,4959
Purples,7771
Purples,5658
Greens,7402
Purples,2449
Reds,370
Purples,3123
Greens,5339
Purples,1687
Whites,2622
Purples,5196
Purples,1298
Purples,1989
Purples,6804
Greys,7740
Purples,3487
Greys,1808
Browns,8043
Greens,6178
Pinks,4022
Purples,3219
Browns,8383
Greens,9749
Purples,6306
Browns,5119
Turquoises,9865
Purples,9756
Blues,5563
Turquoises,2388
Purples,1361
Reds,3770
Purples,3399
Browns,3458
Turquoises,6405
Yellows,4947
Yellows,2405
Browns,4462
Greens,3400
Browns,5147
Purples,7388
Yellows,3685
Pinks,128
Blues,7041
Purples,9243
Browns,7992
Oranges,2401
Purples,9722
Purples,3128
Greys,5255
Oranges,5629
Purples,2793
Yellows,6307
Browns,5413
Greys,6269
Greens,1914
Pinks,5589
Browns,2522
Browns,1216
Yellows,4415
Purples,8500
Blues,6087
Browns,1637
Browns,3854
Purples,7028
Reds,5205
Pinks,3179
Yellows,2225
Browns,4061
Purples,2596
Turquoises,7089
Oranges,6324
Browns,7912
Yellows,5938
Blues,9103
Greens,3639
Purples,6429
Greens,3355
Purples,4783
Pinks,7948
Browns,712
Oranges,6447
Blues,7165
Greens,9553
Purples,8544
Reds,9163
Browns,2720
Greys,2819
Reds,4708
Pinks,5681
Purples,4954
Greens,4504
Greens,3964
Greys,5572
Purples,7305
Whites,266
Yellows,1886
Yellows,7140
Purples,2642
Yellows,2304
Turquoises,1511
Greens,1394
Blues,9755
Purples,1411
Yellows,8107
Yellows,3660
Oranges,2352
Browns,4681
Whites,4080
Purples,7902
Blues,2464
Whites,8200
Greens,3694
Whites,624
Purples,8309
Greens,8464
Purples,300
Purples,4331
Browns,4106
Blues,3091
Yellows,2075
Reds,7229
Purples,6686
Greens,2472
Browns,8374
Blues,7978
Yellows,827
Purples,9742
Pinks,2160
Purples,9914
Pinks,6227
Reds,6347
Yellows,2597
Pinks,8067
Pinks,920
Pinks,2576
Blues,1094
Greys,5724
Pinks,4170
Purples,6943
Purples,4994
Browns,5014
Pinks,6805
Blues,1317
Purples,7556
Pinks,2430
Yellows,4000
Purples,1651
Blues,3014
Greens,5454
Browns,1565
Purples,1229
Greens,778
Purples,2481
Purples,2627
Purples,4702
Purples,7062
Purples,8580
Blues,6469
Greens,4065
Oranges,3540
Browns,4144
Purples,526
Browns,5784
Whites,3122
Browns,63
Whites,7840
Greys,3243
Purples,5725
Browns,553
Reds,922
Oranges,7622
Purples,5229
Purples,5518
Purples,2049
Reds,5171
Yellows,8909
Oranges,3871
Turquoises,9468
Purples,9537
Pinks,9505
Browns,5309
Reds,8367
Turquoises,7007
Purples,924
Purples,3140
Blues,1444
Blues,9322
Greens,1564
Pinks,9861
Browns,1988
Purples,5849
Browns,9675
Purples,1118
Browns,3950
Purples,3559
Purples,3475
Browns,2951
Purples,1431
Pinks,2737
Blues,90
Blues,5139
Yellows,6016
Purples,1892
Oranges,3369
Browns,5955
Blues,292
Blues,7700
Greys,1744
Blues,7572
Yellows,6768
Purples,3326
Oranges,4512
Purples,864
Browns,3789
Purples,2045
Pinks,2157
Purples,5877
Blues,5713
Greys,7146
Yellows,8328
Greens,2298
Blues,8774
Blues,4851
Turquoises,8899
Browns,7046
Greys,2558
Reds,1633
Whites,7458
Purples,4084
Pinks,2422
Blues,1063
Pinks,893
Greens,3418
Purples,1500
Purples,607
Browns,6471
Blues,9395
Purples,8162
Browns,8543
Browns,5467
Purples,4138
Yellows,7661
Purples,110
Purples,9859
Pinks,4145
Reds,8986
Whites,7820
Yellows,4238
Purples,4753
Greens,1076
Purples,1899
Pinks,7228
Pinks,8078
Purples,4386
Greens,2143
Greens,4677
Purples,2205
Greens,2077
Greys,9036
Yellows,5344
Reds,3745
Purples,7227
Greys,5545
Purples,1207
Purples,8598
Browns,2937
Yellows,8781
Greys,9197
Greens,3277
Greens,7697
Whites,1538
Purples,4527
Pinks,1402
Blues,123
Oranges,7692
Oranges,340
Browns,9388
Pinks,1043
Purples,2936
Pinks,3579
Purples,2897
Blues,1544
Oranges,679
Blues,9397
Purples,9382
Turquoises,335
Yellows,2328
Yellows,4938
Greens,7172
Browns,8222
Oranges,6195
Pinks,7786
Purples,4347
Purples,1576
Browns,9379
Greens,3793
Pinks,507
Browns,8556
Blues,7657
Pinks,5765
Purples,1424
Blues,3446
Browns,9290
Purples,859
Yellows,8777
Pinks,5468
Purples,1270
Pinks,873
Blues,511
Greys,4315
Browns,2318
Purples,4826
Purples,6371
Greys,6803
Purples,8165
Browns,602
Reds,9034
Purples,1838
Pinks,7024
Browns,3025
Browns,3020
Greens,9560
Browns,4747
Purples,4933
Purples,4224
Yellows,4991
Browns,9309
Browns,6191
Purples,8426
Browns,8989
Yellows,4181
Oranges,6662
Blues,8741
Purples,2574
Blues,5667
Browns,8699
Yellows,9763
Purples,1647
Purples,1262
Greens,4761
Greys,1934
Greys,9646
Purples,8627
Purples,9195
Blues,9280
Browns,5909
Purples,8747
Purples,8910
Whites,4908
Purples,2216
Oranges,1122
Pinks,2079
Pinks,8046
Browns,6368
Blues,8144
Pinks,561
Blues,1114
Whites,1377
Greens,9095
Browns,673
Purples,3504
Greens,2348
Purples,554
Purples,7553
Greys,8529
Purples,3039
Browns,2038
Browns,183
Browns,2996
Oranges,3514
Browns,7354
Whites,5389
Browns,3998
Purples,6538
Greens,7104
Purples,4059
Purples,6167
Greys,773
Oranges,2802
Browns,4943
Pinks,2916
Greens,9538
Pinks,5031
Oranges,6089
Purples,9691
Reds,1434
Browns,6988
Purples,473
Greens,3448
Purples,5921
Purples,5661
Turquoises,3749
Greens,4817
Browns,1256
Yellows,1137
Pinks,1228
Whites,6735
Purples,1314
Pinks,9667
Browns,2669
Browns,6180
Browns,5855
Yellows,9219
Blues,3812
Purples,1855
Purples,7734
Greys,9561
Yellows,1352
Purples,763
Browns,6578
Purples,173
Blues,8795
Yellows,6510
Browns,4745
Browns,2911
Browns,2545
Reds,7849
Pinks,2861
Blues,7169
Greys,4050
Purples,6443
Yellows,3423
Greens,1926
Pinks,5189
Reds,5398
Browns,7743
Purples,6275
Greens,3200
Browns,4429
Purples,2353
Browns,6608
Pinks,9156
Greens,4079
Greys,2190
Browns,3056
Reds,6633
Blues,9719
Blues,4521
Purples,87
Purples,3268
Purples,619
Purples,6865
Blues,9189
Purples,1613
Purples,7483
Purples,4380
Blues,1583
Purples,9679
Purples,2423
Blues,1835
Pinks,6596
Whites,2510
Greys,1543
Purples,6942
Purples,7659
Purples,6678
Browns,2399
Greys,9737
Greens,733
Browns,5207
Blues,9922
Browns,5200
Yellows,4234
Yellows,9046
Yellows,2699
Blues,4060
Greens,4895
Greens,3978
Turquoises,6883
Blues,3708
Browns,6939
Blues,9606
Browns,4805
Purples,2562
Browns,5584
Browns,6953
Blues,5965
Browns,4768
Browns,421
Yellows,8868
Browns,2288
Reds,1983
Purples,662
Greys,528
Browns,1001
Blues,228
Pinks,8961
Greens,9726
Oranges,2162
Greens,3961
Yellows,59
Turquoises,8439
Browns,6257
Pinks,3258
Browns,7219
Purples,7710
Oranges,5928
Reds,1498
Purples,7502
Purples,8568
Purples,4898
Purples,6350
Pinks,6221
Reds,8710
Purples,9084
Browns,2877
Greens,9449
Greens,7428
Yellows,3537
Blues,2379
Oranges,367
Greys,9844
Turquoises,5565
Pinks,544
Turquoises,580
Greens,808
Whites,8563
Blues,9038
Turquoises,1729
Turquoises,2345
Greys,4053
Browns,6676
Greens,6453
Greens,3776
Pinks,6478
Whites,5673
Browns,7915
Turquoises,5828
Purples,3841
Blues,4764
Pinks,8726
Purples,9205
Greys,7530
Browns,5028
Pinks,7084
Greens,4239
Purples,4867
Pinks,2099
Greys,497
Blues,5013
Reds,3093
Browns,4549
Browns,9853
Browns,6886
Browns,7365
Greys,5445
Oranges,2998
Turquoises,6130
Greens,5394
Greens,1918
Greens,7899
Oranges,6591
Purples,7950
Blues,4274
Blues,4687
Whites,3032
Browns,8110
Pinks,1341
Purples,1980
Whites,750
Blues,9158
Greens,1567
Purples,8823
Purples,3274
Purples,4157
Pinks,710
Purples,1600
Pinks,8342
Pinks,4363
Blues,1660
Yellows,2571
Purples,4735
Whites,8616
Turquoises,4794
Purples,2442
Turquoises,1921
Greys,6854
Greys,3696
Pinks,8655
Purples,7159
Greys,2504
Greens,5780
Greens,692
Whites,2200
Purples,6711
Browns,7371
Greens,8550
Browns,5958
Greens,1933
Turquoises,7175
Purples,3498
Purples,3453
Pinks,26
Blues,1912
Pinks,7334
Whites,3383
Greys,1534
Greens,6260
Blues,3438
Pinks,9498
Purples,6407
Reds,1358
Blues,9026
Pinks,4439
Greens,8261
Browns,2590
Turquoises,4583
Browns,6245
Browns,4849
Purples,7242
Greys,3824
Reds,4186
Purples,7836
Pinks,7157
Blues,1313
Greens,5853
Purples,8106
Purples,9013
Browns,4003
Greens,5997
Purples,3071
Blues,7995
Blues,4221
Purples,6417
Yellows,159
Browns,8191
Browns,2976
Greys,3987
Purples,5458
Browns,4150
Yellows,1792
Greens,1447
Yellows,8936
Pinks,4092
Browns,2032
Purples,2368
Greens,7747
Oranges,7278
Blues,6445
Yellows,245
Pinks,2544
Whites,2982
Browns,6045
Greys,5842
Purples,1244
Greys,9665
Browns,770
Purples,2294
Browns,116
Browns,1457
Yellows,2269
Yellows,6285
Greens,9931
Pinks,9033
Reds,793
Greens,9268
Yellows,2084
Purples,1237
Yellows,3075
Greens,3118
Greens,6621
Greys,1482
Pinks,9521
Purples,3379
Turquoises,6033
Browns,1049
Purples,4307
Pinks,4717
Yellows,1629
Turquoises,929
Blues,4121
Blues,288
Browns,642
Browns,5726
Browns,9337
Purples,1476
Purples,3813
Blues,2570
Browns,1756
Greens,480
Greys,1129
Yellows,3168
Purples,1238
Blues,4094
Blues,8968
Purples,4115
Pinks,4391
Browns,4004
Greens,639
Greens,825
Reds,2868
Browns,2947
Pinks,394
Pinks,190
Purples,652
Browns,5483
Purples,5520
Browns,2206
Oranges,4359
Purples,5326
Purples,9837
Browns,4129
Browns,195
Greens,3236
Purples,8998
Browns,9434
Greens,184
Purples,6173
Oranges,7183
Purples,3353
Browns,5371
Greens,2887
Greens,4457
Greens,8240
Purples,9008
Oranges,2238
Turquoises,5350
Oranges,8746
Purples,636
Pinks,7511
Pinks,3288
Reds,6606
Oranges,6398
Blues,9399
Greens,7624
Greys,3523
Browns,8087
Yellows,3227
Pinks,7595
Browns,3195
Pinks,9552
Browns,647
Pinks,1188
Greens,1723
Greens,1030
Reds,8463
Purples,5949
Pinks,3678
Purples,5865
Whites,4614
Purples,2363
Browns,8719
Greys,2567
Purples,7662
Oranges,1248
Purples,8788
Reds,6786
Purples,1164
Browns,5706
Purples,9005
Turquoises,3171
Blues,6388
Purples,3930
Browns,1409
Purples,4485
Yellows,4113
Greens,8764
Purples,2278
Pinks,8826
Blues,2988
Browns,777
Purples,1693
Browns,3881
Pinks,7725
Browns,8485
Reds,7808
Blues,643
Blues,6691
Pinks,2564
Browns,230
Oranges,1266
Blues,1391
Purples,6244
Pinks,6329
Browns,8392
Purples,2845
Greys,6590
Blues,8238
Purples,4588
Oranges,9204
Browns,611
Browns,2686
Browns,109
Blues,1628
Browns,3829
Yellows,5032
Greens,6095
Oranges,1715
Yellows,2248
Blues,5474
Yellows,4374
Yellows,2808
Purples,2373
Pinks,1779
Whites,6392
Browns,2778
Whites,8497
Greys,513
Purples,7381
Purples,9056
Greys,2972
Greens,8532
Purples,3359
Purples,2483
Oranges,1521
Whites,959
Yellows,1297
Greens,649
Purples,8214
Turquoises,477
Purples,6166
Purples,583
Pinks,8397
Reds,519
Whites,2197
Browns,6798
Greens,7680
Browns,902
Purples,8207
Reds,2366
Greens,1470
Purples,6464
Browns,1598
Browns,5925
Greys,4646
Browns,3120
Purples,2130
Turquoises,1382
Blues,6774
Browns,6101
Oranges,8549
Purples,4523
Browns,6133
Browns,6885
Yellows,7938
Purples,6103
Yellows,3270
Greys,2632
Yellows,7809
Oranges,1393
Blues,8718
Greys,9251
Blues,2743
Reds,7187
Purples,8422
Whites,9792
Pinks,2355
Greys,7426
Browns,4848
Greys,830
Purples,2746
Purples,9227
Turquoises,746
Purples,4042
Turquoises,3913
Greys,2306
Pinks,8405
Purples,8941
Whites,1643
Purples,6561
Turquoises,6065
Browns,8768
Purples,8782
Purples,8951
Blues,6827
Reds,2022
Oranges,6701
Greens,6080
Oranges,7099
Pinks,5374
Browns,4977
Reds,5061
Purples,9926
Greens,1176
Purples,9260
Purples,6280
Greens,4156
Purples,6513
Pinks,9041
Greens,3891
Purples,2189
Purples,1591
Greys,514
Reds,50
Browns,3100
Purples,8472
Turquoises,462
Turquoises,1847
Purples,223
Turquoises,2176
Purples,356
Browns,5317
Pinks,4941
Oranges,3945
Oranges,4291
Purples,3735
Yellows,6726
Reds,1264
Blues,8359
Browns,6651
Pinks,7294
Purples,6008
Purples,5401
Greens,6346
Purples,4833
Pinks,2336
Yellows,8539
Greens,2741
Purples,1794
Greys,8727
Greens,418
Turquoises,415
Blues,955
Browns,79
Browns,5669
Pinks,8955
Purples,2921
Purples,7114
Purples,8698
Browns,7120
Turquoises,4483
Browns,5236
Browns,7932
Greys,1439
Browns,7514
Browns,3003
Yellows,1015
Purples,5624
Yellows,4951
Pinks,7019
Purples,1306
Purples,9141
Greens,489
Purples,9451
Greys,8590
Purples,1774
Browns,8632
Yellows,6875
Purples,4334
Browns,5215
Purples,1738
Browns,644
Purples,2026
Purples,771
Purples,8442
Greens,9223
Pinks,9168
Browns,8779
Greys,2256
Browns,5077
Purples,3548
Browns,1806
Blues,3311
Browns,4956
Purples,8960
Turquoises,7460
Purples,8915
Purples,9241
Browns,6397
Reds,5282
Purples,8083
Browns,339
Greens,5696
Purples,6152
Blues,2167
Greens,5798
Oranges,338
Blues,4081
Greys,1192
Turquoises,2923
Purples,7591
Purples,8761
Browns,1799
Purples,3174
Purples,1943
Blues,4093
Purples,7827
Blues,3516
Yellows,9427
Blues,2749
Purples,5983
Greys,343
Browns,3509
Blues,1119
Whites,3160
Reds,101
Turquoises,5503
Purples,8558
Purples,3034
Purples,6995
Yellows,5512
Blues,8042
Pinks,8487
Purples,3653
Purples,5797
Browns,8028
Reds,9720
Greys,8221
Greens,853
Pinks,7152
Browns,6697
Purples,7756
Purples,6564
Whites,7232
Turquoises,2837
Reds,7080
Purples,9180
Browns,7151
Browns,3778
Browns,217
Blues,6615
Greens,4132
Pinks,1311
Purples,453
Purples,9559
Browns,7555
Greens,8232
Browns,1678
Blues,465
Purples,2853
Greens,3883
Greys,5903
Greys,4390
Pinks,954
Yellows,5766
Oranges,2469
Purples,9192
Turquoises,5169
Whites,3072
Yellows,5858
Browns,4466
Browns,6229
Oranges,4989
Greys,4021
Whites,5635
Browns,6763
Reds,7594
Blues,7396
Reds,6722
Greens,3051
Blues,4257
Purples,7171
Purples,7358
Browns,9339
Blues,7438
Purples,7200
Blues,5884
Reds,3272
Oranges,3278
Pinks,6931
Browns,2198
Oranges,3827
Oranges,6992
Turquoises,2007
Greens,1732
Greys,8453
Pinks,701
Browns,829
Browns,2583
Blues,6837
Purples,7296
Reds,748
Whites,5444
Blues,9425
Reds,5324
Greys,1086
Greens,5342
Greens,1126
Oranges,4552
Blues,6551
Whites,4586
Greys,3471
Reds,4522
Blues,2074
Whites,2146
Greens,928
Pinks,5873
Blues,3158
Purples,9394
Browns,6729
Reds,5234
Purples,9899
Purples,9546
Purples,7166
Oranges,2461
Yellows,4671
Greens,6201
Browns,1893
Reds,6433
Oranges,3470
Purples,8181
Pinks,1962
Browns,2758
Browns,5471
Yellows,3107
Reds,6681
Purples,9563
Whites,5950
Purples,9896
Greens,6147
Turquoises,3707
Greys,2043
Purples,9522
Purples,6508
Browns,5851
Purples,7414
Turquoises,906
Browns,7081
Reds,9354
Purples,7866
Reds,9093
Blues,7542
Oranges,6506
Purples,8000
Whites,5500
Greys,4754
Greens,2890
Turquoises,2258
Purples,7759
Purples,430
Greys,4083
Purples,1763
Browns,968
Browns,1709
Yellows,5889
Browns,9476
Yellows,1575
Browns,2589
Pinks,3816
Yellows,2147
Purples,9493
Browns,3733
Browns,6176
Purples,7937
Greys,2445
Oranges,3479
Greens,2149
Browns,1200
Purples,1642
Purples,6644
Greys,5146
Purples,5715
Pinks,6712
Greens,5059
Pinks,3184
Pinks,6418
Reds,7342
Purples,4881
Yellows,6567
Purples,577
Purples,4269
Reds,8179
Greens,2579
Blues,400
Pinks,4988
Purples,7581
Pinks,2110
Purples,6921
Purples,7892
Oranges,1688
Blues,6312
Greens,28
Purples,1696
Pinks,4790
Browns,4724
Purples,4567
Blues,4177
Blues,1859
Pinks,3279
Reds,312
Whites,7526
Browns,6684
Oranges,3748
Blues,832
Yellows,9994
Blues,8343
Greens,4714
Purples,9330
Pinks,6897
Browns,7959
Purples,6826
Yellows,4502
Browns,1085
Blues,5254
Browns,8451
Pinks,8226
Purples,5102
Browns,512
Purples,990
Yellows,3709
Purples,1368
Browns,8259
Blues,8803
Oranges,5555
Browns,6219
Yellows,3124
Purples,3931
Purples,4605
Pinks,7671
Purples,8159
Yellows,1105
Greys,2862
Yellows,3301
Blues,4536
Oranges,9310
Greens,5221
Oranges,1376
Purples,6544
Purples,723
Purples,4593
Yellows,9178
Browns,8301
Browns,4220
Greens,5869
Purples,5224
Purples,4888
Blues,2358
Purples,4259
Greens,3906
Greys,7525
Purples,2083
Pinks,1925
Browns,7636
Blues,1624
Greys,3066
Pinks,6376
Purples,9258
Purples,2611
Blues,8567
Browns,21
Browns,1387
Purples,4322
Purples,5703
Purples,2299
Pinks,7798
Greens,2645
Purples,7886
Browns,9305
Pinks,8370
Purples,3728
Purples,7374
Blues,4205
Pinks,4346
Browns,3750
Pinks,7904
Browns,2412
Whites,5485
Purples,7946
Pinks,3202
Yellows,2196
Oranges,3920
Reds,8151
Browns,2283
Oranges,4476
Purples,9420
Browns,5941
Greens,9015
Purples,839
Purples,3045
Browns,8985
Purples,4712
Purples,4878
Whites,9166
Browns,8681
Reds,6208
Greys,8832
Greys,2983
Greens,9071
Greys,4744
Yellows,4335
Oranges,2359
Greys,8147
Blues,5967
Purples,3955
Purples,8895
Turquoises,8247
Purples,8939
Greys,822
Purples,377
Purples,9199
Greens,8366
Blues,4351
Browns,7513
Purples,6240
Browns,3888
Purples,2108
Browns,5519
Greys,3698
Greys,147
Browns,4146
Browns,2090
Whites,7868
Blues,8210
Browns,1609
Pinks,9785
Browns,7269
Pinks,2909
Purples,3630
Browns,2806
Pinks,6638
Purples,9321
Browns,7564
Whites,7174
Purples,6006
Yellows,294
Greys,8509
Blues,2245
Browns,4394
Purples,7794
Greys,9259
Greys,1885
Greys,635
Purples,160
Greens,7814
Blues,1979
Pinks,177
Blues,4431
Oranges,5640
Purples,814
Whites,820
Pinks,1714
Turquoises,7237
Browns,286
Whites,890
Purples,72
Yellows,874
Purples,1147
Blues,4174
Greens,9758
Pinks,5887
Pinks,5716
Greens,5390
Greys,8055
Purples,9079
Greys,523
Greys,529
Greens,9932
Blues,7332
Browns,9144
Whites,2554
Browns,3572
Purples,1789
Browns,7054
Browns,188
Browns,6413
Browns,8740
Browns,680
Purples,9794
Browns,6610
Oranges,8934
Greens,4592
Greens,7096
Blues,4684
Purples,2402
Browns,3069
Blues,3380
Pinks,131
Yellows,7583
Purples,2586
Turquoises,7231
Pinks,2945
Browns,8617
Purples,8102
Browns,8545
Browns,1592
Purples,2516
Greens,5405
Blues,145
Greys,8059
Browns,1998
Purples,5622
Purples,3590
Greens,5541
Pinks,1903
Greys,8092
Browns,2528
Greys,6139
Blues,9267
Blues,5020
Oranges,2725
Oranges,8298
Purples,650
Greys,6709
Browns,993
Browns,4498
Browns,9612
Purples,8793
Greys,8845
Greens,3738
Purples,1657
Yellows,1862
Purples,7064
Greens,9231
Purples,3975
Blues,8589
Greys,5446
Greys,1700
Purples,951
Greens,3633
Greys,3643
Purples,2772
Purples,6868
Greens,2975
Purples,3419
Purples,5988
Purples,330
Purples,8361
Blues,7575
Purples,3029
Browns,1423
Oranges,9175
Yellows,3384
Browns,3760
Purples,8664
Browns,7730
Blues,2836
Greens,8751
Pinks,861
Yellows,3705
Yellows,1417
Blues,5075
Turquoises,7936
Greens,4263
Purples,6624
Greys,8173
Purples,2880
Browns,7562
Purples,2343
Browns,1907
Purples,7985
Blues,8604
Browns,7253
Yellows,7447
Greys,7679
Purples,3663
Pinks,5121
Purples,5313
Yellows,6247
Purples,7383
Greys,2338
Greens,7796
Purples,1151
Purples,9520
Purples,7763
Whites,1685
Browns,1953
Browns,797
Purples,6702
Purples,215
Blues,8427
Browns,3416
Yellows,4338
Purples,6863
Purples,4006
Browns,2523
Greys,2093
Browns,7990
Whites,1905
Pinks,798
Blues,5209
Purples,9315
Purples,8149
Purples,5674
Greys,7082
Blues,6361
Yellows,4570
Greys,5823
Browns,3591
Oranges,5415
Greys,677
Greys,4077
Browns,2703
Greys,9774
Greys,4321
Purples,5356
Browns,9919
Blues,2856
Purples,9585
Blues,3567
Purples,3665
Reds,7248
Greens,8208
Greens,1261
Browns,4438
Browns,4446
Blues,4158
Purples,3609
Purples,9212
Greys,9984
Blues,3189
Pinks,1254
Pinks,5886
Purples,5306
Greens,2309
Purples,8559
Oranges,9698
Greens,6792
Greens,7331
Greens,4986
Greens,2030
Browns,932
Greens,4104
Pinks,8163
Turquoises,5996
Reds,5641
Yellows,9450
Browns,3584
Blues,4007
Yellows,7731
Oranges,1112
Purples,7779
Oranges,7649
Purples,988
Purples,7196
Oranges,3076
Blues,4675
Browns,9857
Purples,539
Purples,2114
Purples,7718
Purples,961
Blues,5561
Purples,6746
Whites,8970
Browns,2507
Greys,4659
Purples,8254
Yellows,4388
Purples,3044
Blues,1198
Blues,6489
Browns,6295
Blues,9652
Greens,2566
Purples,3619
Greens,1515
Pinks,3763
Pinks,4479
Purples,7351
Purples,9414
Purples,3188
Greens,7105
Purples,2844
Browns,3050
Oranges,2237
Greys,5125
Whites,8118
Browns,9867
Blues,1518
Blues,5290
Purples,9139
Browns,364
Greens,7717
Browns,5576
Purples,1347
Purples,3408
Browns,817
Greens,7016
Browns,585
Yellows,3172
Browns,9211
Browns,1025
Purples,7290
Browns,5462
Greens,5384
Pinks,9010
Greys,2867
Blues,9387
Yellows,6377
Greys,4298
Reds,5227
Purples,9523
Greens,4793
Blues,816
Purples,4258
Greys,1384
Yellows,1839
Browns,6019
Purples,156
Browns,4891
Greens,573
Reds,5937
Pinks,9739
Greens,1309
Pinks,2594
Purples,8611
Whites,4934
Pinks,4713
Yellows,6627
Yellows,1969
Oranges,8425
Whites,7673
Greens,8414
Browns,64
Pinks,9058
Oranges,581
Pinks,6509
Browns,9854
Pinks,3112
Purples,8184
Pinks,6276
Turquoises,3402
Greens,1900
Blues,5699
Purples,4629
Pinks,3494
Greens,8004
Reds,1850
Whites,8969
Browns,2438
Browns,941
Greens,2546
Blues,1139
Browns,3842
Reds,2016
Yellows,8817
Purples,4436
Browns,8153
Browns,9855
Turquoises,6727
Oranges,7418
Pinks,999
Turquoises,1073
Greys,4026
Purples,9897
Purples,9456
Greys,6454
Greens,1963
Yellows,3615
Browns,1240
Pinks,4101
Browns,8498
Browns,8692
Blues,3421
Purples,3381
Purples,5070
Purples,5062
Yellows,9727
Greens,1919
Purples,6663
Purples,8890
Purples,2111
Pinks,3322
Purples,629
Turquoises,8763
Browns,5328
Purples,3613
Yellows,627
Pinks,13
Pinks,3321
Greens,4765
Oranges,799
Oranges,60
Turquoises,24
Browns,1155
Purples,9909
Browns,6920
Purples,6092
Purples,8462
Reds,7666
Purples,9440
Greens,9850
Yellows,2428
Purples,3147
Greys,1246
Reds,4616
Browns,3972
Purples,9818
Blues,2514
Blues,3002
Purples,5118
Browns,1809
Purples,8279
Purples,8819
Greys,8810
Blues,8322
Blues,2417
Greys,9873
Browns,6000
Whites,8665
Pinks,6838
Browns,5388
Pinks,4932
Browns,7348
Purples,9974
Greens,7619
Yellows,690
Reds,3943
Yellows,7535
Purples,9617
Browns,4820
Browns,4299
Purples,2371
Purples,1748
Purples,4540
Greens,5954
